排名,当前景点编号,当前景点名称,第一步景点编号,第一步景点名称,第二步景点编号,第二步景点名称,路径长度L,路径耗能C,路径时间T,路径移步异景分Q,参观景点数H,路径未来人数N,路径拥堵代价P,综合代价J,含主线偏好代价JR,与主线路重合度R,第一步到达分钟,第一步估计人数N̂,第一步保守人数N̄,第一步拥堵惩罚P,第二步到达分钟,第二步估计人数N̂,第二步保守人数N̄,第二步拥堵惩罚P,第一段道路序号r,第二段道路序号r,第一段道路移步异景分,第二段道路移步异景分
1,1,正门石坊,6,桐荫斋,7,面壁亭,910.7,10.39,17.0,1.4075,1,27.431,0.0,0.004575,0.050029,0.0909,6,11.937,16.489,0.0,17,6.636,10.942,0.0,1,1,1.4967,1.2827
2,1,正门石坊,2,玉兰堂,3,藕花水榭,822.93,10.82,16.0,0.7644,1,26.69,0.0,0.042118,0.075451,0.3333,6,14.317,18.943,0.0,16,3.264,7.747,0.0,1,1,0.8829,0.6202
3,1,正门石坊,6,桐荫斋,10,南雪亭,913.09,12.13,14.0,1.2006,1,26.463,0.0,0.15364,0.199095,0.0909,6,11.937,16.489,0.0,14,3.19,9.973,0.0,1,1,1.4967,0.7889
4,1,正门石坊,2,玉兰堂,6,桐荫斋,913.16,10.45,17.0,0.986,1,34.504,0.0,0.216865,0.256865,0.2,6,14.317,18.943,0.0,17,11.009,15.562,0.0,1,1,0.8829,1.0869
5,1,正门石坊,6,桐荫斋,2,玉兰堂,992.5,11.48,16.0,1.3062,1,30.779,0.0,0.229573,0.269573,0.2,6,11.937,16.489,0.0,16,9.664,14.29,0.0,1,1,1.4967,1.0869
6,1,正门石坊,2,玉兰堂,7,面壁亭,906.57,11.94,18.0,0.8355,1,29.692,0.0,0.245276,0.285276,0.2,6,14.317,18.943,0.0,18,6.444,10.75,0.0,1,1,0.8829,0.7885
7,1,正门石坊,6,桐荫斋,11,碧梧栖凤,1105.46,12.33,16.0,1.695,1,30.816,0.0,0.324835,0.370289,0.0909,6,11.937,16.489,0.0,16,6.402,14.327,0.0,1,1,1.4967,1.8783
1,2,玉兰堂,1,正门石坊,6,桐荫斋,982.8,11.85,15.5,1.2146,1,19.152,0.0,0.059176,0.099176,0.2,6,2.368,3.716,0.0,16,10.883,15.436,0.0,1,1,0.8829,1.4967
2,2,玉兰堂,6,桐荫斋,7,面壁亭,841.06,8.99,16.0,1.1753,1,31.338,0.0,0.093543,0.138998,0.0909,5,15.87,20.422,0.0,16,6.61,10.916,0.0,1,1,1.0869,1.2827
3,2,玉兰堂,6,桐荫斋,1,正门石坊,992.5,11.48,16.0,1.3062,1,24.278,0.0,0.102048,0.142048,0.2,5,15.87,20.422,0.0,16,2.508,3.855,0.0,1,1,1.0869,1.4967
4,2,玉兰堂,7,面壁亭,8,锁绿轩,906.05,12.47,17.0,1.0539,1,26.383,0.0,0.148206,0.193661,0.0909,6,11.966,16.271,0.0,17,4.103,10.112,0.0,1,1,0.7885,1.3215
5,2,玉兰堂,6,桐荫斋,10,南雪亭,843.45,10.73,13.0,0.952,1,30.723,0.0,0.148939,0.194394,0.0909,5,15.87,20.422,0.0,13,3.517,10.3,0.0,1,1,1.0869,0.7889
6,2,玉兰堂,7,面壁亭,6,桐荫斋,834.47,10.48,19.0,1.0133,1,32.158,0.0,0.150792,0.196247,0.0909,6,11.966,16.271,0.0,19,11.334,15.887,0.0,1,1,0.7885,1.2827
7,2,玉兰堂,7,面壁亭,3,藕花水榭,976.25,12.07,23.0,0.6969,1,24.067,0.0,0.167637,0.207637,0.2,6,11.966,16.271,0.0,23,3.313,7.796,0.0,1,1,0.7885,0.6171
8,2,玉兰堂,3,藕花水榭,4,月到风来亭,781.3,9.68,14.5,0.5544,1,35.696,0.0,0.201393,0.234726,0.3333,4,19.804,24.287,0.0,15,2.833,11.409,0.0,1,1,0.6202,0.4949
9,2,玉兰堂,6,桐荫斋,11,碧梧栖凤,1035.82,10.93,15.0,1.5258,1,35.047,0.0,0.201255,0.246709,0.0909,5,15.87,20.422,0.0,15,6.699,14.624,0.0,1,1,1.0869,1.8783
10,2,玉兰堂,7,面壁亭,11,碧梧栖凤,958.84,12.59,17.0,0.7622,1,30.52,0.0,0.240666,0.286121,0.0909,6,11.966,16.271,0.0,17,6.323,14.249,0.0,1,1,0.7885,0.7384
11,2,玉兰堂,3,藕花水榭,7,面壁亭,892.61,10.95,21.5,0.6184,1,35.02,0.0,0.248503,0.288503,0.2,4,19.804,24.287,0.0,22,6.427,10.732,0.0,1,1,0.6202,0.6171
12,2,玉兰堂,3,藕花水榭,8,锁绿轩,939.41,12.53,15.5,0.9873,1,34.56,0.0,0.25725,0.29725,0.2,4,19.804,24.287,0.0,16,4.264,10.273,0.0,1,1,0.6202,1.227
13,2,玉兰堂,7,面壁亭,12,石听琴室,1315.21,16.23,26.0,0.8332,1,30.089,0.0,0.414141,0.459595,0.0909,6,11.966,16.271,0.0,26,4.626,13.818,0.0,1,2,0.7885,0.8568
1,3,藕花水榭,7,面壁亭,6,桐荫斋,901.04,9.49,23.0,0.8975,1,26.319,0.0,0.07429,0.119745,0.0909,10,6.841,11.147,0.0,23,10.62,15.172,0.0,1,1,0.6171,1.2827
2,3,藕花水榭,4,月到风来亭,5,金粟亭,774.79,8.19,11.5,0.7118,1,30.502,0.313,0.100831,0.134165,0.3333,3,13.128,21.705,0.313,12,2.479,8.798,0.0,1,1,0.4949,0.9558
3,3,藕花水榭,4,月到风来亭,8,锁绿轩,784.28,9.75,12.5,1.2449,1,32.24,0.313,0.097322,0.137322,0.2,3,13.128,21.705,0.313,13,4.527,10.535,0.0,1,1,0.4949,2.067
4,3,藕花水榭,7,面壁亭,8,锁绿轩,972.62,11.48,21.0,0.9439,1,21.604,0.0,0.097986,0.14344,0.0909,10,6.841,11.147,0.0,21,4.449,10.458,0.0,1,1,0.6171,1.3215
5,3,藕花水榭,7,面壁亭,2,玉兰堂,976.25,12.07,23.0,0.6969,1,25.639,0.0,0.169875,0.209875,0.2,10,6.841,11.147,0.0,23,9.866,14.492,0.0,1,1,0.6171,0.7885
6,3,藕花水榭,2,玉兰堂,1,正门石坊,822.93,10.82,16.0,0.7644,1,32.273,0.269,0.177905,0.211239,0.3333,4,23.792,28.418,0.269,16,2.508,3.855,0.0,1,1,0.6202,0.8829
7,3,藕花水榭,7,面壁亭,11,碧梧栖凤,1025.41,11.6,21.0,0.6767,1,25.897,0.0,0.17522,0.220674,0.0909,10,6.841,11.147,0.0,21,6.825,14.75,0.0,1,1,0.6171,0.7384
8,3,藕花水榭,4,月到风来亭,9,湛露堂,963.49,10.57,18.5,0.666,1,35.628,0.313,0.248586,0.288586,0.2,3,13.128,21.705,0.313,19,4.302,13.923,0.0,1,1,0.4949,0.7928
9,3,藕花水榭,2,玉兰堂,6,桐荫斋,832.63,10.45,15.0,0.8789,1,43.853,0.269,0.248772,0.288772,0.2,4,23.792,28.418,0.269,15,10.883,15.435,0.0,1,1,0.6202,1.0869
10,3,藕花水榭,2,玉兰堂,7,面壁亭,826.04,11.94,16.0,0.7129,1,39.334,0.269,0.264922,0.304922,0.2,4,23.792,28.418,0.269,16,6.61,10.916,0.0,1,1,0.6202,0.7885
11,3,藕花水榭,7,面壁亭,12,石听琴室,1381.78,15.24,30.0,0.7663,1,24.473,0.0,0.330031,0.375486,0.0909,10,6.841,11.147,0.0,30,4.134,13.326,0.0,1,2,0.6171,0.8568
12,3,藕花水榭,8,锁绿轩,4,月到风来亭,942.39,12.6,16.0,1.5606,1,43.598,2.295,0.493636,0.533636,0.2,4,26.138,32.146,2.295,16,2.875,11.452,0.0,1,1,1.227,2.067
13,3,藕花水榭,8,锁绿轩,7,面壁亭,1019.42,13.06,16.0,1.2689,1,43.062,2.295,0.550351,0.595806,0.0909,4,26.138,32.146,2.295,16,6.61,10.916,0.0,1,1,1.227,1.3215
14,3,藕花水榭,8,锁绿轩,12,石听琴室,1006.33,11.82,15.0,1.1146,1,45.688,2.295,0.554269,0.599724,0.0909,4,26.138,32.146,2.295,15,4.35,13.542,0.0,1,1,1.227,0.9688
15,3,藕花水榭,8,锁绿轩,9,湛露堂,1035.1,13.19,16.0,1.3217,1,44.987,2.295,0.566622,0.612077,0.0909,4,26.138,32.146,2.295,16,3.22,12.84,0.0,1,1,1.227,1.4368
16,3,藕花水榭,8,锁绿轩,13,坡仙琴馆,1227.14,14.88,17.0,1.2141,1,43.591,2.295,0.655198,0.700652,0.0909,4,26.138,32.146,2.295,17,4.83,11.445,0.0,1,1,1.227,1.2029
1,4,月到风来亭,5,金粟亭,9,湛露堂,792.51,8.82,17.5,0.8051,1,35.489,0.0,0.079109,0.119109,0.2,3,16.163,22.481,0.0,17,3.387,13.007,0.0,1,1,0.9558,0.6767
2,4,月到风来亭,9,湛露堂,13,坡仙琴馆,902.59,10.13,25.0,0.6533,1,27.964,0.0,0.132047,0.177501,0.0909,10,7.18,16.801,0.0,25,4.548,11.163,0.0,1,1,0.7928,0.432
3,4,月到风来亭,9,湛露堂,5,金粟亭,981.21,11.2,27.0,0.7422,1,25.161,0.0,0.182182,0.222182,0.2,10,7.18,16.801,0.0,27,2.041,8.36,0.0,1,1,0.7928,0.6767
4,4,月到风来亭,9,湛露堂,14,拜石轩,954.23,10.88,24.0,0.6682,1,31.549,0.0,0.219317,0.259317,0.2,10,7.18,16.801,0.0,24,3.393,14.748,0.0,1,1,0.7928,0.4961
5,4,月到风来亭,9,湛露堂,8,锁绿轩,1020.28,12.37,23.0,1.0875,1,27.435,0.0,0.239893,0.285347,0.0909,10,7.18,16.801,0.0,23,4.625,10.634,0.0,1,1,0.7928,1.4368
6,4,月到风来亭,5,金粟亭,14,拜石轩,1063.42,11.06,16.5,0.7451,1,37.133,0.0,0.329228,0.362561,0.3333,3,16.163,22.481,0.0,16,3.297,14.652,0.0,1,1,0.9558,0.6351
7,4,月到风来亭,3,藕花水榭,2,玉兰堂,781.3,9.68,14.5,0.5544,1,42.474,1.259,0.338212,0.371546,0.3333,3,23.609,28.092,1.259,15,9.756,14.382,0.0,1,1,0.4949,0.6202
8,4,月到风来亭,3,藕花水榭,7,面壁亭,931.51,9.81,20.5,0.5633,1,38.835,1.259,0.390506,0.430506,0.2,3,23.609,28.092,1.259,21,6.438,10.743,0.0,1,1,0.4949,0.6171
9,4,月到风来亭,3,藕花水榭,8,锁绿轩,978.31,11.39,14.5,0.9201,1,38.412,1.259,0.442508,0.482508,0.2,3,23.609,28.092,1.259,15,4.312,10.32,0.0,1,1,0.4949,1.227
10,4,月到风来亭,8,锁绿轩,12,石听琴室,812.3,10.18,15.0,1.4747,1,45.688,2.295,0.451198,0.496653,0.0909,4,26.138,32.146,2.295,15,4.35,13.542,0.0,1,1,2.067,0.9688
11,4,月到风来亭,8,锁绿轩,7,面壁亭,825.39,11.42,16.0,1.6595,1,43.062,2.295,0.466232,0.511687,0.0909,4,26.138,32.146,2.295,16,6.61,10.916,0.0,1,1,2.067,1.3215
12,4,月到风来亭,8,锁绿轩,9,湛露堂,841.07,11.55,16.0,1.7172,1,44.987,2.295,0.492307,0.537762,0.0909,4,26.138,32.146,2.295,16,3.22,12.84,0.0,1,1,2.067,1.4368
13,4,月到风来亭,8,锁绿轩,3,藕花水榭,942.39,12.6,16.0,1.5606,1,39.894,2.295,0.553106,0.593106,0.2,4,26.138,32.146,2.295,16,3.264,7.747,0.0,1,1,2.067,1.227
14,4,月到风来亭,8,锁绿轩,13,坡仙琴馆,1033.11,13.24,17.0,1.5159,1,43.591,2.295,0.66315,0.708605,0.0909,4,26.138,32.146,2.295,17,4.83,11.445,0.0,1,1,2.067,1.2029
1,5,金粟亭,9,湛露堂,13,坡仙琴馆,777.02,8.73,23.0,0.5667,1,34.349,0.0,0.117479,0.162933,0.0909,8,13.325,22.945,0.0,23,4.789,11.404,0.0,1,1,0.6767,0.432
2,5,金粟亭,9,湛露堂,8,锁绿轩,894.71,10.97,21.0,1.0733,1,33.403,0.0,0.118725,0.16418,0.0909,8,13.325,22.945,0.0,21,4.449,10.458,0.0,1,1,0.6767,1.4368
3,5,金粟亭,9,湛露堂,4,月到风来亭,981.21,11.2,27.0,0.7422,1,33.882,0.0,0.182661,0.222661,0.2,8,13.325,22.945,0.0,27,2.36,10.937,0.0,1,1,0.6767,0.7928
4,5,金粟亭,9,湛露堂,14,拜石轩,828.66,9.48,22.0,0.5893,1,37.618,0.0,0.209635,0.249635,0.2,8,13.325,22.945,0.0,22,3.318,14.672,0.0,1,1,0.6767,0.4961
5,5,金粟亭,4,月到风来亭,3,藕花水榭,774.79,8.19,11.5,0.7118,1,29.635,0.313,0.264591,0.297925,0.3333,3,13.128,21.705,0.313,12,3.447,7.931,0.0,1,1,0.9558,0.4949
6,5,金粟亭,4,月到风来亭,8,锁绿轩,738.87,9.4,12.5,1.5185,1,32.24,0.313,0.259116,0.299116,0.2,3,13.128,21.705,0.313,13,4.527,10.535,0.0,1,1,0.9558,2.067
7,5,金粟亭,14,拜石轩,18,螺髻亭,1259.95,14.43,22.5,0.7076,1,32.298,0.0,0.275855,0.309188,0.3333,7,13.742,25.096,0.0,23,3.482,7.202,0.0,1,1,0.6351,0.7979
8,5,金粟亭,14,拜石轩,13,坡仙琴馆,1143.13,13.39,20.5,0.6259,1,36.43,0.0,0.325657,0.365657,0.2,7,13.742,25.096,0.0,21,4.719,11.334,0.0,1,1,0.6351,0.6114
9,5,金粟亭,14,拜石轩,9,湛露堂,1099.57,11.72,21.5,0.5844,1,38.514,0.0,0.328533,0.368533,0.2,7,13.742,25.096,0.0,22,3.797,13.417,0.0,1,1,0.6351,0.4961
10,5,金粟亭,14,拜石轩,21,碧梧台,1554.56,15.77,23.5,0.9335,1,35.886,0.0,0.412846,0.446179,0.3333,7,13.742,25.096,0.0,24,4.775,10.79,0.0,1,1,0.6351,1.1772
11,5,金粟亭,4,月到风来亭,9,湛露堂,918.08,10.22,18.5,0.8576,1,35.628,0.313,0.446683,0.486683,0.2,3,13.128,21.705,0.313,19,4.302,13.923,0.0,1,1,0.9558,0.7928
1,6,桐荫斋,7,面壁亭,8,锁绿轩,830.84,9.89,17.0,1.3038,1,26.383,0.0,0.056898,0.106898,0.0,6,11.966,16.271,0.0,17,4.103,10.112,0.0,1,1,1.2827,1.3215
2,6,桐荫斋,7,面壁亭,3,藕花水榭,901.04,9.49,23.0,0.8975,1,24.067,0.0,0.083334,0.128788,0.0909,6,11.966,16.271,0.0,23,3.313,7.796,0.0,1,1,1.2827,0.6171
3,6,桐荫斋,1,正门石坊,2,玉兰堂,982.8,11.85,15.5,1.2146,1,18.006,0.0,0.118754,0.158754,0.2,6,2.368,3.716,0.0,16,9.664,14.29,0.0,1,1,1.4967,0.8829
4,6,桐荫斋,2,玉兰堂,1,正门石坊,913.16,10.45,17.0,0.986,1,26.921,0.0,0.14555,0.18555,0.2,5,18.586,23.212,0.0,17,2.361,3.709,0.0,1,1,1.0869,0.8829
5,6,桐荫斋,7,面壁亭,2,玉兰堂,834.47,10.48,19.0,1.0133,1,30.854,0.0,0.153167,0.198622,0.0909,6,11.966,16.271,0.0,19,9.957,14.583,0.0,1,1,1.2827,0.7885
6,6,桐荫斋,7,面壁亭,11,碧梧栖凤,883.63,10.01,17.0,0.9722,1,30.52,0.0,0.153324,0.203324,0.0,6,11.966,16.271,0.0,17,6.323,14.249,0.0,1,1,1.2827,0.7384
7,6,桐荫斋,2,玉兰堂,3,藕花水榭,832.63,10.45,15.0,0.8789,1,31.165,0.0,0.167173,0.207173,0.2,5,18.586,23.212,0.0,15,3.47,7.953,0.0,1,1,1.0869,0.6202
8,6,桐荫斋,10,南雪亭,15,锄月轩,915.82,12.92,16.5,1.5733,1,30.146,0.0,0.220515,0.270515,0.0,3,13.597,20.38,0.0,17,3.812,9.766,0.0,1,1,0.7889,2.1346
9,6,桐荫斋,10,南雪亭,11,碧梧栖凤,846.99,12.26,16.5,1.3674,1,34.629,0.0,0.231869,0.281869,0.0,3,13.597,20.38,0.0,17,6.323,14.249,0.0,1,1,0.7889,1.8427
10,6,桐荫斋,11,碧梧栖凤,10,南雪亭,1039.36,12.46,19.0,1.8624,1,33.46,0.0,0.252653,0.302653,0.0,5,15.596,23.521,0.0,19,3.155,9.938,0.0,1,1,1.8783,1.8427
11,6,桐荫斋,2,玉兰堂,7,面壁亭,916.27,11.57,17.0,0.9388,1,34.154,0.0,0.266423,0.311877,0.0909,5,18.586,23.212,0.0,17,6.636,10.942,0.0,1,1,1.0869,0.7885
12,6,桐荫斋,11,碧梧栖凤,15,锄月轩,1069.56,11.13,17.0,1.2754,1,33.287,0.0,0.265183,0.315183,0.0,5,15.596,23.521,0.0,17,3.812,9.766,0.0,1,1,1.8783,0.5761
13,6,桐荫斋,11,碧梧栖凤,16,金栗斋,1102.86,11.82,18.0,1.5017,1,34.706,0.0,0.29731,0.34731,0.0,5,15.596,23.521,0.0,18,3.894,11.184,0.0,1,1,1.8783,1.0924
14,6,桐荫斋,11,碧梧栖凤,7,面壁亭,1078.39,11.95,15.0,1.3456,1,34.114,0.0,0.302586,0.352586,0.0,5,15.596,23.521,0.0,15,6.287,10.592,0.0,1,1,1.8783,0.7384
15,6,桐荫斋,11,碧梧栖凤,12,石听琴室,1040.53,11.97,15.0,1.3851,1,37.063,0.0,0.314245,0.364245,0.0,5,15.596,23.521,0.0,15,4.35,13.542,0.0,1,1,1.8783,0.7773
16,6,桐荫斋,7,面壁亭,12,石听琴室,1240.0,13.65,26.0,0.9872,1,30.089,0.0,0.425767,0.475767,0.0,6,11.966,16.271,0.0,26,4.626,13.818,0.0,1,2,1.2827,0.8568
1,7,面壁亭,6,桐荫斋,1,正门石坊,910.7,10.39,17.0,1.4075,1,20.198,0.0,0.010876,0.05633,0.0909,6,11.937,16.489,0.0,17,2.361,3.709,0.0,1,1,1.2827,1.4967
2,7,面壁亭,6,桐荫斋,10,南雪亭,761.65,9.64,14.0,1.035,1,26.463,0.0,0.027899,0.077899,0.0,6,11.937,16.489,0.0,14,3.19,9.973,0.0,1,1,1.2827,0.7889
3,7,面壁亭,6,桐荫斋,2,玉兰堂,841.06,8.99,16.0,1.1753,1,30.779,0.0,0.051393,0.096848,0.0909,6,11.937,16.489,0.0,16,9.664,14.29,0.0,1,1,1.2827,1.0869
4,7,面壁亭,3,藕花水榭,4,月到风来亭,931.51,9.81,20.5,0.5633,1,19.55,0.0,0.070485,0.110485,0.2,10,3.733,8.216,0.0,21,2.757,11.333,0.0,1,1,0.6171,0.4949
5,7,面壁亭,6,桐荫斋,11,碧梧栖凤,954.02,9.84,16.0,1.6413,1,30.816,0.0,0.062568,0.112568,0.0,6,11.937,16.489,0.0,16,6.402,14.327,0.0,1,1,1.2827,1.8783
6,7,面壁亭,3,藕花水榭,2,玉兰堂,892.61,10.95,21.5,0.6184,1,22.76,0.0,0.104941,0.144941,0.2,10,3.733,8.216,0.0,22,9.918,14.544,0.0,1,1,0.6171,0.6202
7,7,面壁亭,2,玉兰堂,1,正门石坊,906.57,11.94,18.0,0.8355,1,22.548,0.0,0.112463,0.152463,0.2,6,14.317,18.943,0.0,18,2.258,3.605,0.0,1,1,0.7885,0.8829
8,7,面壁亭,2,玉兰堂,3,藕花水榭,826.04,11.94,16.0,0.7129,1,26.69,0.0,0.129914,0.169914,0.2,6,14.317,18.943,0.0,16,3.264,7.747,0.0,1,1,0.7885,0.6202
9,7,面壁亭,3,藕花水榭,8,锁绿轩,1089.62,12.66,21.5,0.9352,1,18.831,0.0,0.144889,0.190344,0.0909,10,3.733,8.216,0.0,22,4.606,10.615,0.0,1,1,0.6171,1.227
10,7,面壁亭,2,玉兰堂,6,桐荫斋,916.27,11.57,17.0,0.9388,1,34.504,0.0,0.179888,0.225342,0.0909,6,14.317,18.943,0.0,17,11.009,15.562,0.0,1,1,0.7885,1.0869
11,7,面壁亭,11,碧梧栖凤,10,南雪亭,968.97,12.63,18.0,1.2683,1,38.755,0.308,0.257213,0.307213,0.0,4,20.617,28.543,0.308,18,3.429,10.212,0.0,1,1,0.7384,1.8427
12,7,面壁亭,11,碧梧栖凤,15,锄月轩,999.17,11.3,16.0,0.658,1,38.07,0.308,0.280944,0.330944,0.0,4,20.617,28.543,0.308,16,3.573,9.527,0.0,1,1,0.7384,0.5761
13,7,面壁亭,12,石听琴室,8,锁绿轩,1298.49,14.4,23.5,0.8946,1,23.809,0.0,0.280967,0.330967,0.0,13,4.162,13.354,0.0,24,4.446,10.455,0.0,2,1,0.8568,0.9688
14,7,面壁亭,11,碧梧栖凤,16,金栗斋,1032.47,11.99,17.0,0.9196,1,39.587,0.308,0.294567,0.344567,0.0,4,20.617,28.543,0.308,17,3.754,11.044,0.0,1,1,0.7384,1.0924
15,7,面壁亭,12,石听琴室,13,坡仙琴馆,1303.32,14.29,24.5,0.7672,1,24.517,0.0,0.295442,0.345442,0.0,13,4.162,13.354,0.0,25,4.548,11.163,0.0,2,1,0.8568,0.5932
16,7,面壁亭,11,碧梧栖凤,6,桐荫斋,1078.39,11.95,15.0,1.3456,1,43.978,0.308,0.299744,0.349744,0.0,4,20.617,28.543,0.308,15,10.883,15.435,0.0,1,1,0.7384,1.8783
17,7,面壁亭,12,石听琴室,16,金栗斋,1293.84,15.12,25.5,0.8433,1,24.979,0.0,0.309559,0.359559,0.0,13,4.162,13.354,0.0,26,4.335,11.625,0.0,2,1,0.8568,0.8166
18,7,面壁亭,11,碧梧栖凤,12,石听琴室,970.14,12.14,14.0,0.7571,1,41.895,0.308,0.311291,0.361291,0.0,4,20.617,28.543,0.308,14,4.161,13.352,0.0,1,1,0.7384,0.7773
19,7,面壁亭,12,石听琴室,17,小沧浪馆,1317.59,15.89,24.5,0.7052,1,22.353,0.0,0.32823,0.37823,0.0,13,4.162,13.354,0.0,25,3.515,8.998,0.0,2,1,0.8568,0.4199
20,7,面壁亭,12,石听琴室,11,碧梧栖凤,1326.51,15.78,24.5,0.8289,1,28.151,0.0,0.357417,0.407417,0.0,13,4.162,13.354,0.0,25,6.871,14.796,0.0,2,1,0.8568,0.7773
21,7,面壁亭,8,锁绿轩,4,月到风来亭,825.39,11.42,16.0,1.6595,1,43.598,2.295,0.424986,0.470441,0.0909,4,26.138,32.146,2.295,16,2.875,11.452,0.0,1,1,1.3215,2.067
22,7,面壁亭,8,锁绿轩,12,石听琴室,889.33,10.64,15.0,1.1477,1,45.688,2.295,0.481769,0.531769,0.0,4,26.138,32.146,2.295,15,4.35,13.542,0.0,1,1,1.3215,0.9688
23,7,面壁亭,8,锁绿轩,9,湛露堂,918.1,12.01,16.0,1.3801,1,44.987,2.295,0.497751,0.547751,0.0,4,26.138,32.146,2.295,16,3.22,12.84,0.0,1,1,1.3215,1.4368
24,7,面壁亭,8,锁绿轩,3,藕花水榭,1019.42,13.06,16.0,1.2689,1,39.894,2.295,0.524723,0.570178,0.0909,4,26.138,32.146,2.295,16,3.264,7.747,0.0,1,1,1.3215,1.227
25,7,面壁亭,8,锁绿轩,13,坡仙琴馆,1110.14,13.7,17.0,1.2511,1,43.591,2.295,0.591654,0.641654,0.0,4,26.138,32.146,2.295,17,4.83,11.445,0.0,1,1,1.3215,1.2029
1,8,锁绿轩,4,月到风来亭,5,金粟亭,738.87,9.4,12.5,1.5185,1,26.451,0.0,-0.07703,-0.03703,0.2,4,9.06,17.637,0.0,13,2.496,8.814,0.0,1,1,2.067,0.9558
2,8,锁绿轩,4,月到风来亭,3,藕花水榭,784.28,9.75,12.5,1.2449,1,25.674,0.0,-0.02991,0.01009,0.2,4,9.06,17.637,0.0,13,3.554,8.038,0.0,1,1,2.067,0.4949
3,8,锁绿轩,7,面壁亭,6,桐荫斋,830.84,9.89,17.0,1.3038,1,40.479,0.053,0.079333,0.129333,0.0,4,20.612,24.917,0.053,17,11.009,15.562,0.0,1,1,1.3215,1.2827
4,8,锁绿轩,4,月到风来亭,9,湛露堂,927.57,11.78,19.5,1.3069,1,31.679,0.0,0.093979,0.139433,0.0909,4,9.06,17.637,0.0,20,4.422,14.042,0.0,1,1,2.067,0.7928
5,8,锁绿轩,7,面壁亭,3,藕花水榭,972.62,11.48,21.0,0.9439,1,32.901,0.053,0.149391,0.194845,0.0909,4,20.612,24.917,0.053,21,3.5,7.984,0.0,1,1,1.3215,0.6171
6,8,锁绿轩,13,坡仙琴馆,9,湛露堂,1008.13,11.59,19.5,0.9359,1,30.762,0.0,0.146404,0.196404,0.0,5,10.224,16.839,0.0,19,4.302,13.923,0.0,1,1,1.2029,0.432
7,8,锁绿轩,3,藕花水榭,4,月到风来亭,978.31,11.39,14.5,0.9201,1,35.696,0.0,0.167623,0.207623,0.2,4,19.804,24.287,0.0,15,2.833,11.409,0.0,1,1,1.227,0.4949
8,8,锁绿轩,13,坡仙琴馆,18,螺髻亭,1122.08,14.12,18.5,1.0692,1,24.303,0.0,0.185171,0.230626,0.0909,5,10.224,16.839,0.0,18,3.743,7.464,0.0,1,1,1.2029,0.879
9,8,锁绿轩,7,面壁亭,2,玉兰堂,906.05,12.47,17.0,1.0539,1,39.185,0.053,0.186673,0.232128,0.0909,4,20.612,24.917,0.053,17,9.641,14.267,0.0,1,1,1.3215,0.7885
10,8,锁绿轩,3,藕花水榭,2,玉兰堂,939.41,12.53,15.5,0.9873,1,38.577,0.0,0.198566,0.238566,0.2,4,19.804,24.287,0.0,16,9.664,14.29,0.0,1,1,1.227,0.6202
11,8,锁绿轩,13,坡仙琴馆,12,石听琴室,1101.88,12.35,17.5,0.9578,1,30.973,0.0,0.19013,0.24013,0.0,5,10.224,16.839,0.0,17,4.942,14.134,0.0,1,1,1.2029,0.5932
12,8,锁绿轩,7,面壁亭,11,碧梧栖凤,955.21,12.0,15.0,1.0139,1,39.542,0.053,0.194319,0.244319,0.0,4,20.612,24.917,0.053,15,6.699,14.624,0.0,1,1,1.3215,0.7384
13,8,锁绿轩,3,藕花水榭,7,面壁亭,1089.62,12.66,21.5,0.9352,1,35.02,0.0,0.224285,0.26974,0.0909,4,19.804,24.287,0.0,22,6.427,10.732,0.0,1,1,1.227,0.6171
14,8,锁绿轩,13,坡仙琴馆,17,小沧浪馆,1151.64,14.29,21.5,0.9537,1,26.266,0.0,0.223538,0.273538,0.0,5,10.224,16.839,0.0,21,3.943,9.427,0.0,1,1,1.2029,0.6204
15,8,锁绿轩,13,坡仙琴馆,14,拜石轩,1103.33,14.01,17.5,0.9647,1,31.592,0.0,0.237307,0.282761,0.0909,5,10.224,16.839,0.0,17,3.398,14.753,0.0,1,1,1.2029,0.6114
16,8,锁绿轩,9,湛露堂,13,坡仙琴馆,816.09,9.9,19.0,1.0069,1,48.83,4.775,0.351433,0.401433,0.0,4,27.831,37.452,4.775,19,4.764,11.379,0.0,1,1,1.4368,0.432
17,8,锁绿轩,9,湛露堂,5,金粟亭,894.71,10.97,21.0,1.0733,1,45.857,4.775,0.373171,0.418626,0.0909,4,27.831,37.452,4.775,21,2.086,8.405,0.0,1,1,1.4368,0.6767
18,8,锁绿轩,7,面壁亭,12,石听琴室,1311.58,15.64,24.0,1.0167,1,38.816,0.053,0.379228,0.429228,0.0,4,20.612,24.917,0.053,24,4.707,13.898,0.0,1,2,1.3215,0.8568
19,8,锁绿轩,9,湛露堂,14,拜石轩,867.73,10.65,18.0,1.0023,1,52.391,4.775,0.40884,0.454295,0.0909,4,27.831,37.452,4.775,18,3.585,14.939,0.0,1,1,1.4368,0.4961
20,8,锁绿轩,12,石听琴室,13,坡仙琴馆,881.07,9.29,14.5,0.7799,1,47.912,6.877,0.455591,0.505591,0.0,3,27.517,36.709,6.877,15,4.588,11.203,0.0,1,1,0.9688,0.5932
21,8,锁绿轩,9,湛露堂,4,月到风来亭,1020.28,12.37,23.0,1.0875,1,48.855,4.775,0.461401,0.506855,0.0909,4,27.831,37.452,4.775,23,2.827,11.403,0.0,1,1,1.4368,0.7928
22,8,锁绿轩,12,石听琴室,16,金栗斋,871.59,10.12,15.5,0.8931,1,47.916,6.877,0.462019,0.512019,0.0,3,27.517,36.709,6.877,16,3.917,11.207,0.0,1,1,0.9688,0.8166
23,8,锁绿轩,12,石听琴室,17,小沧浪馆,895.34,10.89,14.5,0.6885,1,45.889,6.877,0.498306,0.548306,0.0,3,27.517,36.709,6.877,15,3.697,9.18,0.0,1,1,0.9688,0.4199
24,8,锁绿轩,12,石听琴室,11,碧梧栖凤,904.26,10.78,14.5,0.8701,1,51.333,6.877,0.513167,0.563167,0.0,3,27.517,36.709,6.877,15,6.699,14.624,0.0,1,1,0.9688,0.7773
25,8,锁绿轩,12,石听琴室,7,面壁亭,1298.49,14.4,23.5,0.8946,1,47.237,6.877,0.682891,0.732891,0.0,3,27.517,36.709,6.877,24,6.223,10.528,0.0,1,2,0.9688,0.8568
1,9,湛露堂,5,金粟亭,4,月到风来亭,792.51,8.82,17.5,0.8051,1,20.336,0.0,-0.003088,0.036912,0.2,8,2.671,8.99,0.0,17,2.77,11.346,0.0,1,1,0.6767,0.9558
2,9,湛露堂,4,月到风来亭,5,金粟亭,918.08,10.22,18.5,0.8576,1,19.603,0.0,0.071786,0.111786,0.2,10,2.781,11.358,0.0,19,1.926,8.245,0.0,1,1,0.7928,0.9558
3,9,湛露堂,13,坡仙琴馆,18,螺髻亭,812.35,10.19,19.5,0.6868,1,22.79,0.0,0.072154,0.117608,0.0909,6,8.761,15.376,0.0,19,3.694,7.415,0.0,1,1,0.432,0.879
4,9,湛露堂,13,坡仙琴馆,12,石听琴室,792.15,8.42,18.5,0.5221,1,29.518,0.0,0.071524,0.121524,0.0,6,8.761,15.376,0.0,18,4.951,14.143,0.0,1,1,0.432,0.5932
5,9,湛露堂,4,月到风来亭,8,锁绿轩,927.57,11.78,19.5,1.3069,1,21.604,0.0,0.101592,0.147047,0.0909,10,2.781,11.358,0.0,20,4.237,10.246,0.0,1,1,0.7928,2.067
6,9,湛露堂,4,月到风来亭,3,藕花水榭,963.49,10.57,18.5,0.666,1,19.375,0.0,0.110897,0.150897,0.2,10,2.781,11.358,0.0,19,3.534,8.017,0.0,1,1,0.7928,0.4949
7,9,湛露堂,13,坡仙琴馆,17,小沧浪馆,841.91,10.36,22.5,0.5423,1,24.771,0.0,0.112411,0.162411,0.0,6,8.761,15.376,0.0,22,3.912,9.396,0.0,1,1,0.432,0.6204
8,9,湛露堂,13,坡仙琴馆,14,拜石轩,793.6,10.08,18.5,0.5325,1,30.315,0.0,0.12784,0.173294,0.0909,6,8.761,15.376,0.0,18,3.585,14.939,0.0,1,1,0.432,0.6114
9,9,湛露堂,13,坡仙琴馆,8,锁绿轩,1008.13,11.59,19.5,0.9359,1,25.422,0.0,0.178273,0.228273,0.0,6,8.761,15.376,0.0,19,4.038,10.047,0.0,1,1,0.432,1.2029
10,9,湛露堂,5,金粟亭,14,拜石轩,1126.55,12.04,21.5,0.6509,1,23.834,0.0,0.242136,0.282136,0.2,8,2.671,8.99,0.0,21,3.49,14.845,0.0,1,1,0.6767,0.6351
11,9,湛露堂,8,锁绿轩,4,月到风来亭,841.07,11.55,16.0,1.7172,1,43.598,2.295,0.4612,0.506655,0.0909,4,26.138,32.146,2.295,16,2.875,11.452,0.0,1,1,1.4368,2.067
12,9,湛露堂,14,拜石轩,13,坡仙琴馆,845.24,10.83,18.5,0.5568,1,43.803,1.781,0.472349,0.517804,0.0909,5,21.069,32.424,1.781,19,4.764,11.379,0.0,1,1,0.4961,0.6114
13,9,湛露堂,14,拜石轩,18,螺髻亭,962.06,11.87,20.5,0.6722,1,39.628,1.781,0.504066,0.544066,0.2,5,21.069,32.424,1.781,21,3.484,7.204,0.0,1,1,0.4961,0.7979
14,9,湛露堂,8,锁绿轩,12,石听琴室,905.01,10.77,15.0,1.2102,1,45.688,2.295,0.512813,0.562813,0.0,4,26.138,32.146,2.295,15,4.35,13.542,0.0,1,1,1.4368,0.9688
15,9,湛露堂,8,锁绿轩,7,面壁亭,918.1,12.01,16.0,1.3801,1,43.062,2.295,0.523331,0.573331,0.0,4,26.138,32.146,2.295,16,6.61,10.916,0.0,1,1,1.4368,1.3215
16,9,湛露堂,14,拜石轩,5,金粟亭,1099.57,11.72,21.5,0.5844,1,40.932,1.781,0.560589,0.600589,0.2,5,21.069,32.424,1.781,22,2.189,8.508,0.0,1,1,0.4961,0.6351
17,9,湛露堂,8,锁绿轩,3,藕花水榭,1035.1,13.19,16.0,1.3217,1,39.894,2.295,0.580199,0.625654,0.0909,4,26.138,32.146,2.295,16,3.264,7.747,0.0,1,1,1.4368,1.227
18,9,湛露堂,14,拜石轩,21,碧梧台,1256.67,13.21,21.5,0.96,1,43.558,1.781,0.646805,0.686805,0.2,5,21.069,32.424,1.781,22,5.119,11.134,0.0,1,1,0.4961,1.1772
19,9,湛露堂,8,锁绿轩,13,坡仙琴馆,1125.82,13.83,17.0,1.2999,1,43.591,2.295,0.657375,0.707375,0.0,4,26.138,32.146,2.295,17,4.83,11.445,0.0,1,1,1.4368,1.2029
1,10,南雪亭,15,锄月轩,16,金栗斋,896.38,12.68,20.0,1.4632,1,22.305,0.0,0.108098,0.158098,0.0,8,4.239,10.193,0.0,20,4.822,12.112,0.0,1,1,2.1346,0.4746
2,10,南雪亭,11,碧梧栖凤,15,锄月轩,960.14,11.81,20.0,1.1895,1,25.706,0.0,0.152416,0.202416,0.0,8,7.557,15.483,0.0,20,4.269,10.223,0.0,1,1,1.8427,0.5761
3,10,南雪亭,11,碧梧栖凤,6,桐荫斋,1039.36,12.46,19.0,1.8624,1,31.37,0.0,0.170488,0.220488,0.0,8,7.557,15.483,0.0,19,11.334,15.887,0.0,1,1,1.8427,1.8783
4,10,南雪亭,11,碧梧栖凤,16,金栗斋,993.44,12.5,21.0,1.4436,1,27.775,0.0,0.175193,0.225193,0.0,8,7.557,15.483,0.0,21,5.001,12.292,0.0,1,1,1.8427,1.0924
5,10,南雪亭,15,锄月轩,11,碧梧栖凤,1028.97,12.47,20.0,1.3846,1,25.118,0.0,0.177389,0.227389,0.0,8,4.239,10.193,0.0,20,7.0,14.925,0.0,1,1,2.1346,0.5761
6,10,南雪亭,11,碧梧栖凤,7,面壁亭,968.97,12.63,18.0,1.2683,1,26.232,0.0,0.178761,0.228761,0.0,8,7.557,15.483,0.0,18,6.444,10.75,0.0,1,1,1.8427,0.7384
7,10,南雪亭,11,碧梧栖凤,12,石听琴室,931.11,12.65,18.0,1.3094,1,29.625,0.0,0.181769,0.231769,0.0,8,7.557,15.483,0.0,18,4.951,14.143,0.0,1,1,1.8427,0.7773
8,10,南雪亭,15,锄月轩,19,岁寒草庐,1158.57,14.54,26.0,1.2965,1,21.325,0.0,0.28287,0.33287,0.0,8,4.239,10.193,0.0,26,5.18,11.132,0.0,1,1,2.1346,0.5805
9,10,南雪亭,6,桐荫斋,7,面壁亭,761.65,9.64,14.0,1.035,1,46.957,4.203,0.422899,0.472899,0.0,3,32.114,36.667,4.203,14,5.985,10.29,0.0,1,1,0.7889,1.2827
10,10,南雪亭,6,桐荫斋,1,正门石坊,913.09,12.13,14.0,1.2006,1,40.366,4.203,0.507415,0.55287,0.0909,3,32.114,36.667,4.203,14,2.352,3.699,0.0,1,1,0.7889,1.4967
11,10,南雪亭,6,桐荫斋,2,玉兰堂,843.45,10.73,13.0,0.952,1,51.11,4.203,0.525643,0.571097,0.0909,3,32.114,36.667,4.203,13,9.817,14.443,0.0,1,1,0.7889,1.0869
12,10,南雪亭,6,桐荫斋,11,碧梧栖凤,956.41,11.58,13.0,1.4431,1,51.188,4.203,0.547515,0.597515,0.0,3,32.114,36.667,4.203,13,6.596,14.522,0.0,1,1,0.7889,1.8783
1,11,碧梧栖凤,15,锄月轩,16,金栗斋,857.75,10.69,18.0,0.5332,1,22.351,0.0,0.045917,0.095917,0.0,6,5.212,11.167,0.0,18,3.894,11.184,0.0,1,1,0.5761,0.4746
2,11,碧梧栖凤,6,桐荫斋,7,面壁亭,954.02,9.84,16.0,1.6413,1,31.338,0.0,0.04634,0.09634,0.0,5,15.87,20.422,0.0,16,6.61,10.916,0.0,1,1,1.8783,1.2827
3,11,碧梧栖凤,10,南雪亭,6,桐荫斋,846.99,12.26,16.5,1.3674,1,25.824,0.0,0.059077,0.109077,0.0,8,3.48,10.263,0.0,17,11.009,15.562,0.0,1,1,1.8427,0.7889
4,11,碧梧栖凤,10,南雪亭,15,锄月轩,998.77,13.8,21.5,1.9987,1,19.812,0.0,0.061429,0.111429,0.0,8,3.48,10.263,0.0,22,3.595,9.549,0.0,1,1,1.8427,2.1346
5,11,碧梧栖凤,16,金栗斋,15,锄月轩,891.05,11.38,20.0,0.841,1,23.877,0.0,0.066653,0.116653,0.0,7,6.363,13.654,0.0,20,4.269,10.223,0.0,1,1,1.0924,0.4746
6,11,碧梧栖凤,15,锄月轩,10,南雪亭,1028.97,12.47,20.0,1.3846,1,21.054,0.0,0.081769,0.131769,0.0,6,5.212,11.167,0.0,20,3.105,9.888,0.0,1,1,0.5761,2.1346
7,11,碧梧栖凤,16,金栗斋,17,小沧浪馆,970.24,11.69,22.0,0.8638,1,23.05,0.0,0.090988,0.140988,0.0,7,6.363,13.654,0.0,22,3.912,9.396,0.0,1,1,1.0924,0.5902
8,11,碧梧栖凤,6,桐荫斋,1,正门石坊,1105.46,12.33,16.0,1.695,1,24.278,0.0,0.104467,0.149922,0.0909,5,15.87,20.422,0.0,16,2.508,3.855,0.0,1,1,1.8783,1.4967
9,11,碧梧栖凤,6,桐荫斋,10,南雪亭,956.41,11.58,13.0,1.4431,1,30.723,0.0,0.103901,0.153901,0.0,5,15.87,20.422,0.0,13,3.517,10.3,0.0,1,1,1.8783,0.7889
10,11,碧梧栖凤,16,金栗斋,12,石听琴室,961.94,11.35,19.0,0.9681,1,27.511,0.0,0.105619,0.155619,0.0,7,6.363,13.654,0.0,19,4.665,13.857,0.0,1,1,1.0924,0.8166
11,11,碧梧栖凤,6,桐荫斋,2,玉兰堂,1035.82,10.93,15.0,1.5258,1,34.804,0.0,0.134201,0.179655,0.0909,5,15.87,20.422,0.0,15,9.756,14.382,0.0,1,1,1.8783,1.0869
12,11,碧梧栖凤,7,面壁亭,6,桐荫斋,883.63,10.01,17.0,0.9722,1,40.479,0.053,0.145224,0.195224,0.0,4,20.612,24.917,0.053,17,11.009,15.562,0.0,1,1,0.7384,1.2827
13,11,碧梧栖凤,15,锄月轩,19,岁寒草庐,1119.94,12.55,24.0,0.5785,1,21.645,0.0,0.166928,0.216928,0.0,6,5.212,11.167,0.0,24,4.527,10.479,0.0,1,1,0.5761,0.5805
14,11,碧梧栖凤,16,金栗斋,19,岁寒草庐,1137.76,12.55,21.0,0.9326,1,24.589,0.0,0.1714,0.2214,0.0,7,6.363,13.654,0.0,21,4.983,10.935,0.0,1,2,1.0924,0.794
15,11,碧梧栖凤,7,面壁亭,8,锁绿轩,955.21,12.0,15.0,1.0139,1,35.238,0.053,0.180215,0.230215,0.0,4,20.612,24.917,0.053,15,4.312,10.32,0.0,1,1,0.7384,1.3215
16,11,碧梧栖凤,7,面壁亭,3,藕花水榭,1025.41,11.6,21.0,0.6767,1,32.901,0.053,0.193867,0.239321,0.0909,4,20.612,24.917,0.053,21,3.5,7.984,0.0,1,1,0.7384,0.6171
17,11,碧梧栖凤,7,面壁亭,2,玉兰堂,958.84,12.59,17.0,0.7622,1,39.185,0.053,0.243422,0.288877,0.0909,4,20.612,24.917,0.053,17,9.641,14.267,0.0,1,1,0.7384,0.7885
18,11,碧梧栖凤,7,面壁亭,12,石听琴室,1364.37,15.76,24.0,0.8131,1,38.816,0.053,0.445422,0.495422,0.0,4,20.612,24.917,0.053,24,4.707,13.898,0.0,1,2,0.7384,0.8568
19,11,碧梧栖凤,12,石听琴室,8,锁绿轩,904.26,10.78,14.5,0.8701,1,43.676,3.921,0.471855,0.521855,0.0,4,24.164,33.356,3.921,15,4.312,10.32,0.0,1,1,0.7773,0.9688
20,11,碧梧栖凤,12,石听琴室,13,坡仙琴馆,909.09,10.67,15.5,0.6876,1,44.674,3.921,0.489365,0.539365,0.0,4,24.164,33.356,3.921,16,4.704,11.319,0.0,1,1,0.7773,0.5932
21,11,碧梧栖凤,12,石听琴室,16,金栗斋,899.61,11.5,16.5,0.7962,1,44.4,3.921,0.500795,0.550795,0.0,4,24.164,33.356,3.921,17,3.754,11.044,0.0,1,1,0.7773,0.8166
22,11,碧梧栖凤,12,石听琴室,17,小沧浪馆,923.36,12.27,15.5,0.6003,1,42.603,3.921,0.528509,0.578509,0.0,4,24.164,33.356,3.921,16,3.764,9.247,0.0,1,1,0.7773,0.4199
23,11,碧梧栖凤,12,石听琴室,7,面壁亭,1326.51,15.78,24.5,0.8289,1,43.788,3.921,0.739529,0.789529,0.0,4,24.164,33.356,3.921,25,6.127,10.433,0.0,1,2,0.7773,0.8568
1,12,石听琴室,13,坡仙琴馆,9,湛露堂,792.15,8.42,18.5,0.5221,1,31.469,0.0,0.079401,0.129401,0.0,4,11.36,17.975,0.0,18,3.874,13.494,0.0,1,1,0.5932,0.432
2,12,石听琴室,13,坡仙琴馆,18,螺髻亭,906.1,10.95,17.5,0.7392,1,25.404,0.0,0.106735,0.152189,0.0909,4,11.36,17.975,0.0,17,3.709,7.429,0.0,1,1,0.5932,0.879
3,12,石听琴室,16,金栗斋,15,锄月轩,796.05,10.87,18.0,0.6608,1,28.985,0.0,0.104849,0.154849,0.0,5,11.439,18.73,0.0,18,4.301,10.256,0.0,1,1,0.8166,0.4746
4,12,石听琴室,16,金栗斋,17,小沧浪馆,875.24,11.18,20.0,0.7023,1,28.066,0.0,0.122571,0.172571,0.0,5,11.439,18.73,0.0,20,3.853,9.336,0.0,1,1,0.8166,0.5902
5,12,石听琴室,13,坡仙琴馆,17,小沧浪馆,935.66,11.12,20.5,0.6075,1,27.311,0.0,0.141725,0.191725,0.0,4,11.36,17.975,0.0,20,3.853,9.336,0.0,1,1,0.5932,0.6204
6,12,石听琴室,13,坡仙琴馆,14,拜石轩,887.35,10.84,16.5,0.6023,1,32.627,0.0,0.154404,0.199858,0.0909,4,11.36,17.975,0.0,16,3.297,14.652,0.0,1,1,0.5932,0.6114
7,12,石听琴室,16,金栗斋,11,碧梧栖凤,961.94,11.35,19.0,0.9681,1,33.713,0.0,0.155319,0.205319,0.0,5,11.439,18.73,0.0,19,7.058,14.984,0.0,1,1,0.8166,1.0924
8,12,石听琴室,13,坡仙琴馆,8,锁绿轩,1101.88,12.35,17.5,0.9578,1,28.087,0.0,0.181335,0.231335,0.0,4,11.36,17.975,0.0,17,4.103,10.112,0.0,1,1,0.5932,1.2029
9,12,石听琴室,16,金栗斋,19,岁寒草庐,1042.76,12.04,19.0,0.8034,1,29.457,0.0,0.182329,0.232329,0.0,5,11.439,18.73,0.0,19,4.775,10.727,0.0,1,2,0.8166,0.794
10,12,石听琴室,11,碧梧栖凤,10,南雪亭,931.11,12.65,18.0,1.3094,1,38.755,0.308,0.187125,0.237125,0.0,4,20.617,28.543,0.308,18,3.429,10.212,0.0,1,1,0.7773,1.8427
11,12,石听琴室,11,碧梧栖凤,6,桐荫斋,1040.53,11.97,15.0,1.3851,1,43.978,0.308,0.223608,0.273608,0.0,4,20.617,28.543,0.308,15,10.883,15.435,0.0,1,1,0.7773,1.8783
12,12,石听琴室,11,碧梧栖凤,15,锄月轩,961.31,11.32,16.0,0.6737,1,38.07,0.308,0.224245,0.274245,0.0,4,20.617,28.543,0.308,16,3.573,9.527,0.0,1,1,0.7773,0.5761
13,12,石听琴室,7,面壁亭,6,桐荫斋,1240.0,13.65,26.0,0.9872,1,25.654,0.0,0.227811,0.277811,0.0,13,5.997,10.302,0.0,26,10.8,15.352,0.0,2,1,0.8568,1.2827
14,12,石听琴室,11,碧梧栖凤,16,金栗斋,994.61,12.01,17.0,0.9448,1,39.587,0.308,0.229999,0.279999,0.0,4,20.617,28.543,0.308,17,3.754,11.044,0.0,1,1,0.7773,1.0924
15,12,石听琴室,11,碧梧栖凤,7,面壁亭,970.14,12.14,14.0,0.7571,1,38.833,0.308,0.240294,0.290294,0.0,4,20.617,28.543,0.308,14,5.985,10.29,0.0,1,1,0.7773,0.7384
16,12,石听琴室,7,面壁亭,8,锁绿轩,1311.58,15.64,24.0,1.0167,1,20.757,0.0,0.257611,0.307611,0.0,13,5.997,10.302,0.0,24,4.446,10.455,0.0,2,1,0.8568,1.3215
17,12,石听琴室,7,面壁亭,3,藕花水榭,1381.78,15.24,30.0,0.7663,1,17.366,0.0,0.271941,0.317396,0.0909,13,5.997,10.302,0.0,30,2.581,7.064,0.0,2,1,0.8568,0.6171
18,12,石听琴室,7,面壁亭,2,玉兰堂,1315.21,16.23,26.0,0.8332,1,24.68,0.0,0.311485,0.35694,0.0909,13,5.997,10.302,0.0,26,9.752,14.378,0.0,2,1,0.8568,0.7885
19,12,石听琴室,7,面壁亭,11,碧梧栖凤,1364.37,15.76,24.0,0.8131,1,25.105,0.0,0.318547,0.368547,0.0,13,5.997,10.302,0.0,24,6.877,14.802,0.0,2,1,0.8568,0.7384
20,12,石听琴室,17,小沧浪馆,18,螺髻亭,949.07,11.93,16.0,0.692,1,37.058,3.347,0.38564,0.431095,0.0909,4,24.222,29.705,3.347,16,3.632,7.353,0.0,1,1,0.4199,0.9449
21,12,石听琴室,8,锁绿轩,4,月到风来亭,812.3,10.18,15.0,1.4747,1,47.886,5.199,0.396533,0.441987,0.0909,3,30.468,36.477,5.199,15,2.833,11.409,0.0,1,1,0.9688,2.067
22,12,石听琴室,17,小沧浪馆,16,金栗斋,898.99,11.95,20.0,0.5036,1,41.817,3.347,0.418799,0.468799,0.0,4,24.222,29.705,3.347,20,4.822,12.112,0.0,1,1,0.4199,0.5902
23,12,石听琴室,17,小沧浪馆,20,藕香深处,946.92,12.08,17.0,0.6194,1,43.838,3.347,0.434345,0.484345,0.0,4,24.222,29.705,3.347,17,6.341,14.133,0.0,1,1,0.4199,0.8057
24,12,石听琴室,17,小沧浪馆,13,坡仙琴馆,949.93,12.72,20.0,0.5239,1,41.016,3.347,0.441761,0.491761,0.0,4,24.222,29.705,3.347,20,4.696,11.311,0.0,1,1,0.4199,0.6204
25,12,石听琴室,8,锁绿轩,7,面壁亭,889.33,10.64,15.0,1.1477,1,47.069,5.199,0.453183,0.503183,0.0,3,30.468,36.477,5.199,15,6.287,10.592,0.0,1,1,0.9688,1.3215
26,12,石听琴室,8,锁绿轩,9,湛露堂,905.01,10.77,15.0,1.2102,1,49.593,5.199,0.468474,0.518474,0.0,3,30.468,36.477,5.199,15,3.496,13.116,0.0,1,1,0.9688,1.4368
27,12,石听琴室,8,锁绿轩,3,藕花水榭,1006.33,11.82,15.0,1.1146,1,44.43,5.199,0.496523,0.541977,0.0909,3,30.468,36.477,5.199,15,3.47,7.953,0.0,1,1,0.9688,1.227
28,12,石听琴室,8,锁绿轩,13,坡仙琴馆,1097.05,12.46,16.0,1.1094,1,47.796,5.199,0.553445,0.603445,0.0,3,30.468,36.477,5.199,16,4.704,11.319,0.0,1,1,0.9688,1.2029
1,13,坡仙琴馆,18,螺髻亭,21,碧梧台,747.06,10.3,14.5,0.9191,1,25.026,0.0,0.034591,0.074591,0.2,5,9.845,13.565,0.0,14,5.445,11.46,0.0,1,1,0.879,0.9846
2,13,坡仙琴馆,18,螺髻亭,17,小沧浪馆,955.0,12.1,15.5,0.9129,1,22.746,0.0,0.123791,0.169246,0.0909,5,9.845,13.565,0.0,15,3.697,9.18,0.0,1,1,0.879,0.9449
3,13,坡仙琴馆,17,小沧浪馆,18,螺髻亭,984.56,12.27,20.0,0.7825,1,20.846,0.0,0.135848,0.181302,0.0909,8,8.054,13.537,0.0,20,3.588,7.308,0.0,1,1,0.6204,0.9449
4,13,坡仙琴馆,18,螺髻亭,20,藕香深处,959.82,12.89,16.5,0.9774,1,27.589,0.0,0.170453,0.215908,0.0909,5,9.845,13.565,0.0,16,6.232,14.023,0.0,1,1,0.879,1.0692
5,13,坡仙琴馆,17,小沧浪馆,16,金栗斋,934.48,12.29,24.0,0.6062,1,25.233,0.0,0.16639,0.21639,0.0,8,8.054,13.537,0.0,24,4.405,11.695,0.0,1,1,0.6204,0.5902
6,13,坡仙琴馆,9,湛露堂,5,金粟亭,777.02,8.73,23.0,0.5667,1,38.354,0.762,0.171729,0.217184,0.0909,6,20.287,29.907,0.762,23,2.128,8.446,0.0,1,1,0.432,0.6767
7,13,坡仙琴馆,9,湛露堂,8,锁绿轩,816.09,9.9,19.0,1.0069,1,39.954,0.762,0.183218,0.233218,0.0,6,20.287,29.907,0.762,19,4.038,10.047,0.0,1,1,0.432,1.4368
8,13,坡仙琴馆,17,小沧浪馆,20,藕香深处,982.41,12.42,21.0,0.7128,1,27.826,0.0,0.189778,0.239778,0.0,8,8.054,13.537,0.0,21,6.496,14.288,0.0,1,1,0.6204,0.8057
9,13,坡仙琴馆,17,小沧浪馆,12,石听琴室,949.93,12.72,20.0,0.5239,1,27.036,0.0,0.200518,0.250518,0.0,8,8.054,13.537,0.0,20,4.307,13.499,0.0,1,1,0.6204,0.4199
10,13,坡仙琴馆,9,湛露堂,14,拜石轩,750.04,8.41,20.0,0.4663,1,44.928,0.762,0.206957,0.252411,0.0909,6,20.287,29.907,0.762,20,3.666,15.021,0.0,1,1,0.432,0.4961
11,13,坡仙琴馆,18,螺髻亭,14,拜石轩,1024.37,13.65,17.5,0.8346,1,28.318,0.0,0.225096,0.265096,0.2,5,9.845,13.565,0.0,17,3.398,14.753,0.0,1,1,0.879,0.7979
12,13,坡仙琴馆,8,锁绿轩,4,月到风来亭,1033.11,13.24,17.0,1.5159,1,38.937,0.37,0.249089,0.294544,0.0909,5,21.582,27.59,0.37,17,2.77,11.346,0.0,1,1,1.2029,2.067
13,13,坡仙琴馆,9,湛露堂,4,月到风来亭,902.59,10.13,25.0,0.6533,1,41.097,0.762,0.251765,0.297219,0.0909,6,20.287,29.907,0.762,25,2.613,11.19,0.0,1,1,0.432,0.7928
14,13,坡仙琴馆,8,锁绿轩,12,石听琴室,1097.05,12.46,16.0,1.1094,1,41.452,0.37,0.298971,0.348971,0.0,5,21.582,27.59,0.37,16,4.67,13.862,0.0,1,1,1.2029,0.9688
15,13,坡仙琴馆,8,锁绿轩,7,面壁亭,1110.14,13.7,17.0,1.2511,1,38.532,0.37,0.303148,0.353148,0.0,5,21.582,27.59,0.37,17,6.636,10.942,0.0,1,1,1.2029,1.3215
16,13,坡仙琴馆,8,锁绿轩,9,湛露堂,1125.82,13.83,17.0,1.2999,1,40.598,0.37,0.319548,0.369548,0.0,5,21.582,27.59,0.37,17,3.387,13.007,0.0,1,1,1.2029,1.4368
17,13,坡仙琴馆,8,锁绿轩,3,藕花水榭,1227.14,14.88,17.0,1.2141,1,35.264,0.37,0.348014,0.393469,0.0909,5,21.582,27.59,0.37,17,3.19,7.674,0.0,1,1,1.2029,1.227
18,13,坡仙琴馆,12,石听琴室,8,锁绿轩,881.07,9.29,14.5,0.7799,1,43.676,3.921,0.448651,0.498651,0.0,4,24.164,33.356,3.921,15,4.312,10.32,0.0,1,1,0.5932,0.9688
19,13,坡仙琴馆,12,石听琴室,16,金栗斋,876.42,10.01,16.5,0.7036,1,44.4,3.921,0.477337,0.527337,0.0,4,24.164,33.356,3.921,17,3.754,11.044,0.0,1,1,0.5932,0.8166
20,13,坡仙琴馆,12,石听琴室,17,小沧浪馆,900.17,10.78,15.5,0.5052,1,42.603,3.921,0.509992,0.559992,0.0,4,24.164,33.356,3.921,16,3.764,9.247,0.0,1,1,0.5932,0.4199
21,13,坡仙琴馆,12,石听琴室,11,碧梧栖凤,909.09,10.67,15.5,0.6876,1,47.683,3.921,0.525569,0.575569,0.0,4,24.164,33.356,3.921,16,6.402,14.327,0.0,1,1,0.5932,0.7773
22,13,坡仙琴馆,14,拜石轩,9,湛露堂,845.24,10.83,18.5,0.5568,1,50.006,3.806,0.530755,0.576209,0.0909,4,24.729,36.084,3.806,19,4.302,13.923,0.0,1,1,0.6114,0.4961
23,13,坡仙琴馆,14,拜石轩,18,螺髻亭,1005.62,13.54,19.5,0.7155,1,43.392,3.806,0.587976,0.627976,0.2,4,24.729,36.084,3.806,20,3.588,7.308,0.0,1,1,0.6114,0.7979
24,13,坡仙琴馆,14,拜石轩,5,金粟亭,1143.13,13.39,20.5,0.6259,1,44.488,3.806,0.63674,0.67674,0.2,4,24.729,36.084,3.806,21,2.086,8.405,0.0,1,1,0.6114,0.6351
25,13,坡仙琴馆,12,石听琴室,7,面壁亭,1303.32,14.29,24.5,0.7672,1,43.788,3.921,0.694549,0.744549,0.0,4,24.164,33.356,3.921,25,6.127,10.433,0.0,1,2,0.5932,0.8568
26,13,坡仙琴馆,14,拜石轩,21,碧梧台,1300.23,14.88,20.5,0.9838,1,48.168,3.806,0.709334,0.749334,0.2,4,24.729,36.084,3.806,21,6.069,12.084,0.0,1,1,0.6114,1.1772
1,14,拜石轩,18,螺髻亭,21,碧梧台,845.13,11.23,15.5,0.8606,1,22.023,0.0,0.065091,0.098424,0.3333,6,6.936,10.657,0.0,15,5.352,11.367,0.0,1,1,0.7979,0.9846
2,14,拜石轩,21,碧梧台,18,螺髻亭,1139.74,12.57,17.0,1.1292,1,20.372,0.0,0.131109,0.164442,0.3333,7,6.928,12.943,0.0,17,3.709,7.429,0.0,1,1,1.1772,0.9846
3,14,拜石轩,5,金粟亭,4,月到风来亭,1063.42,11.06,16.5,0.7451,1,21.963,0.0,0.134184,0.167518,0.3333,7,4.193,10.511,0.0,16,2.875,11.452,0.0,1,1,0.6351,0.9558
4,14,拜石轩,13,坡仙琴馆,9,湛露堂,793.6,10.08,18.5,0.5325,1,31.469,0.0,0.135111,0.180565,0.0909,4,11.36,17.975,0.0,18,3.874,13.494,0.0,1,1,0.6114,0.432
5,14,拜石轩,18,螺髻亭,17,小沧浪馆,1053.07,13.03,16.5,0.8666,1,19.904,0.0,0.15491,0.19491,0.2,6,6.936,10.657,0.0,16,3.764,9.247,0.0,1,1,0.7979,0.9449
6,14,拜石轩,13,坡仙琴馆,18,螺髻亭,907.55,12.61,17.5,0.748,1,25.404,0.0,0.161815,0.201815,0.2,4,11.36,17.975,0.0,17,3.709,7.429,0.0,1,1,0.6114,0.879
7,14,拜石轩,13,坡仙琴馆,12,石听琴室,887.35,10.84,16.5,0.6023,1,31.837,0.0,0.174411,0.219866,0.0909,4,11.36,17.975,0.0,16,4.67,13.862,0.0,1,1,0.6114,0.5932
8,14,拜石轩,18,螺髻亭,13,坡仙琴馆,1024.37,13.65,17.5,0.8346,1,22.101,0.0,0.185672,0.225672,0.2,6,6.936,10.657,0.0,17,4.83,11.445,0.0,1,1,0.7979,0.879
9,14,拜石轩,18,螺髻亭,20,藕香深处,1057.89,13.82,17.5,0.9253,1,24.79,0.0,0.206418,0.246418,0.2,6,6.936,10.657,0.0,17,6.341,14.133,0.0,1,1,0.7979,1.0692
10,14,拜石轩,21,碧梧台,22,园门茶寮,1249.53,14.27,21.0,1.0774,1,20.176,0.0,0.214428,0.247762,0.3333,7,6.928,12.943,0.0,21,3.119,7.233,0.0,1,1,1.1772,0.8603
11,14,拜石轩,5,金粟亭,9,湛露堂,1126.55,12.04,21.5,0.6509,1,24.362,0.0,0.209862,0.249862,0.2,7,4.193,10.511,0.0,21,4.23,13.851,0.0,1,1,0.6351,0.6767
12,14,拜石轩,13,坡仙琴馆,17,小沧浪馆,937.11,12.78,20.5,0.6162,1,27.311,0.0,0.207274,0.252728,0.0909,4,11.36,17.975,0.0,20,3.853,9.336,0.0,1,1,0.6114,0.6204
13,14,拜石轩,13,坡仙琴馆,8,锁绿轩,1103.33,14.01,17.5,0.9647,1,28.087,0.0,0.242681,0.288135,0.0909,4,11.36,17.975,0.0,17,4.103,10.112,0.0,1,1,0.6114,1.2029
14,14,拜石轩,21,碧梧台,20,藕香深处,1322.77,13.43,18.0,1.1302,1,27.098,0.0,0.253734,0.293734,0.2,7,6.928,12.943,0.0,18,6.363,14.155,0.0,1,1,1.1772,1.044
15,14,拜石轩,9,湛露堂,13,坡仙琴馆,750.04,8.41,20.0,0.4663,1,44.968,2.383,0.457562,0.503017,0.0909,5,24.037,33.658,2.383,20,4.696,11.311,0.0,1,1,0.4961,0.432
16,14,拜石轩,9,湛露堂,5,金粟亭,828.66,9.48,22.0,0.5893,1,42.165,2.383,0.470653,0.510653,0.2,5,24.037,33.658,2.383,22,2.189,8.508,0.0,1,1,0.4961,0.6767
17,14,拜石轩,9,湛露堂,8,锁绿轩,867.73,10.65,18.0,1.0023,1,43.639,2.383,0.466611,0.512066,0.0909,5,24.037,33.658,2.383,18,3.972,9.981,0.0,1,1,0.4961,1.4368
18,14,拜石轩,9,湛露堂,4,月到风来亭,954.23,10.88,24.0,0.6682,1,44.997,2.383,0.553511,0.593511,0.2,5,24.037,33.658,2.383,24,2.763,11.339,0.0,1,1,0.4961,0.7928
1,15,锄月轩,10,南雪亭,11,碧梧栖凤,998.77,13.8,21.5,1.9987,1,25.019,0.0,0.075829,0.125829,0.0,8,3.48,10.263,0.0,22,6.831,14.756,0.0,1,1,2.1346,1.8427
2,15,锄月轩,10,南雪亭,6,桐荫斋,915.82,12.92,16.5,1.5733,1,25.824,0.0,0.082773,0.132773,0.0,8,3.48,10.263,0.0,17,11.009,15.562,0.0,1,1,2.1346,0.7889
3,15,锄月轩,16,金栗斋,17,小沧浪馆,804.35,11.21,21.0,0.5381,1,25.279,0.0,0.095194,0.145194,0.0,6,8.561,15.852,0.0,21,3.943,9.427,0.0,1,1,0.4746,0.5902
4,15,锄月轩,11,碧梧栖凤,10,南雪亭,960.14,11.81,20.0,1.1895,1,29.057,0.0,0.126758,0.176758,0.0,6,11.244,19.169,0.0,20,3.105,9.888,0.0,1,1,0.5761,1.8427
5,15,锄月轩,16,金栗斋,12,石听琴室,796.05,10.87,18.0,0.6608,1,29.995,0.0,0.128552,0.178552,0.0,6,8.561,15.852,0.0,18,4.951,14.143,0.0,1,1,0.4746,0.8166
6,15,锄月轩,16,金栗斋,19,岁寒草庐,971.87,12.07,20.0,0.6748,1,26.598,0.0,0.141048,0.191048,0.0,6,8.561,15.852,0.0,20,4.794,10.746,0.0,1,2,0.4746,0.794
7,15,锄月轩,19,岁寒草庐,20,藕香深处,1049.26,12.2,24.0,0.6103,1,24.979,0.0,0.142356,0.192356,0.0,12,4.375,10.327,0.0,24,6.86,14.652,0.0,1,1,0.5805,0.6541
8,15,锄月轩,16,金栗斋,11,碧梧栖凤,891.05,11.38,20.0,0.841,1,30.777,0.0,0.148714,0.198714,0.0,6,8.561,15.852,0.0,20,7.0,14.925,0.0,1,1,0.4746,1.0924
9,15,锄月轩,11,碧梧栖凤,16,金栗斋,1023.64,11.17,19.0,0.8427,1,30.809,0.0,0.164683,0.214683,0.0,6,11.244,19.169,0.0,19,4.349,11.64,0.0,1,1,0.5761,1.0924
10,15,锄月轩,19,岁寒草庐,16,金栗斋,1234.06,13.93,27.0,0.6859,1,21.85,0.0,0.164934,0.214934,0.0,12,4.375,10.327,0.0,27,4.233,11.523,0.0,1,2,0.5805,0.794
11,15,锄月轩,11,碧梧栖凤,7,面壁亭,999.17,11.3,16.0,0.658,1,30.085,0.0,0.167882,0.217882,0.0,6,11.244,19.169,0.0,16,6.61,10.916,0.0,1,1,0.5761,0.7384
12,15,锄月轩,11,碧梧栖凤,6,桐荫斋,1069.56,11.13,17.0,1.2754,1,34.731,0.0,0.183511,0.233511,0.0,6,11.244,19.169,0.0,17,11.009,15.562,0.0,1,1,0.5761,1.8783
13,15,锄月轩,11,碧梧栖凤,12,石听琴室,961.31,11.32,16.0,0.6737,1,33.031,0.0,0.192159,0.242159,0.0,6,11.244,19.169,0.0,16,4.67,13.862,0.0,1,1,0.5761,0.7773
14,15,锄月轩,19,岁寒草庐,22,园门茶寮,1821.08,19.74,37.0,1.2046,1,16.827,0.0,0.275551,0.321005,0.0909,12,4.375,10.327,0.0,37,2.386,6.5,0.0,1,1,0.5805,1.5305
1,16,金栗斋,15,锄月轩,10,南雪亭,896.38,12.68,20.0,1.4632,1,21.054,0.0,-0.033467,0.016533,0.0,6,5.212,11.167,0.0,20,3.105,9.888,0.0,1,1,0.4746,2.1346
2,16,金栗斋,17,小沧浪馆,18,螺髻亭,933.62,11.5,20.0,0.7771,1,20.846,0.0,0.013813,0.059268,0.0909,8,8.054,13.537,0.0,20,3.588,7.308,0.0,1,1,0.5902,0.9449
3,16,金栗斋,11,碧梧栖凤,10,南雪亭,993.44,12.5,21.0,1.4436,1,26.506,0.0,0.024233,0.074233,0.0,7,8.552,16.478,0.0,21,3.246,10.029,0.0,1,1,1.0924,1.8427
4,16,金栗斋,15,锄月轩,11,碧梧栖凤,857.75,10.69,18.0,0.5332,1,25.796,0.0,0.049302,0.099302,0.0,6,5.212,11.167,0.0,18,6.704,14.63,0.0,1,1,0.4746,0.5761
5,16,金栗斋,11,碧梧栖凤,15,锄月轩,1023.64,11.17,19.0,0.8427,1,26.965,0.0,0.064926,0.114926,0.0,7,8.552,16.478,0.0,19,4.533,10.487,0.0,1,1,1.0924,0.5761
6,16,金栗斋,11,碧梧栖凤,6,桐荫斋,1102.86,11.82,18.0,1.5017,1,32.222,0.0,0.069503,0.119503,0.0,7,8.552,16.478,0.0,18,11.192,15.745,0.0,1,1,1.0924,1.8783
7,16,金栗斋,15,锄月轩,19,岁寒草庐,987.35,12.76,24.0,0.5416,1,21.645,0.0,0.074214,0.124214,0.0,6,5.212,11.167,0.0,24,4.527,10.479,0.0,1,1,0.4746,0.5805
8,16,金栗斋,17,小沧浪馆,13,坡仙琴馆,934.48,12.29,24.0,0.6062,1,24.821,0.0,0.076386,0.126386,0.0,8,8.054,13.537,0.0,24,4.669,11.284,0.0,1,1,0.5902,0.6204
9,16,金栗斋,11,碧梧栖凤,7,面壁亭,1032.47,11.99,17.0,0.9196,1,27.419,0.0,0.07781,0.12781,0.0,7,8.552,16.478,0.0,17,6.636,10.942,0.0,1,1,1.0924,0.7384
10,16,金栗斋,17,小沧浪馆,20,藕香深处,931.47,11.65,21.0,0.7035,1,27.826,0.0,0.078965,0.128965,0.0,8,8.054,13.537,0.0,21,6.496,14.288,0.0,1,1,0.5902,0.8057
11,16,金栗斋,17,小沧浪馆,12,石听琴室,898.99,11.95,20.0,0.5036,1,27.036,0.0,0.091807,0.141807,0.0,8,8.054,13.537,0.0,20,4.307,13.499,0.0,1,1,0.5902,0.4199
12,16,金栗斋,19,岁寒草庐,20,藕香深处,1033.78,11.51,19.0,0.7365,1,28.217,0.0,0.092824,0.142824,0.0,7,8.055,14.007,0.0,19,6.418,14.21,0.0,2,1,0.794,0.6541
13,16,金栗斋,11,碧梧栖凤,12,石听琴室,994.61,12.01,17.0,0.9448,1,30.612,0.0,0.095255,0.145255,0.0,7,8.552,16.478,0.0,17,4.942,14.134,0.0,1,1,1.0924,0.7773
14,16,金栗斋,19,岁寒草庐,15,锄月轩,1234.06,13.93,27.0,0.6859,1,23.998,0.0,0.140551,0.190551,0.0,7,8.055,14.007,0.0,27,4.037,9.992,0.0,2,1,0.794,0.5805
15,16,金栗斋,19,岁寒草庐,22,园门茶寮,1805.6,19.05,32.0,1.2819,1,20.934,0.0,0.245811,0.291265,0.0909,7,8.055,14.007,0.0,32,2.813,6.927,0.0,2,1,0.794,1.5305
16,16,金栗斋,12,石听琴室,8,锁绿轩,871.59,10.12,15.5,0.8931,1,40.077,1.769,0.393513,0.443513,0.0,5,20.613,29.805,1.769,16,4.264,10.273,0.0,1,1,0.8166,0.9688
17,16,金栗斋,12,石听琴室,13,坡仙琴馆,876.42,10.01,16.5,0.7036,1,41.249,1.769,0.419492,0.469492,0.0,5,20.613,29.805,1.769,17,4.83,11.445,0.0,1,1,0.8166,0.5932
18,16,金栗斋,12,石听琴室,17,小沧浪馆,890.69,11.61,16.5,0.6129,1,39.067,1.769,0.442331,0.492331,0.0,5,20.613,29.805,1.769,17,3.779,9.263,0.0,1,1,0.8166,0.4199
19,16,金栗斋,12,石听琴室,11,碧梧栖凤,899.61,11.5,16.5,0.7962,1,44.053,1.769,0.464322,0.514322,0.0,5,20.613,29.805,1.769,17,6.323,14.249,0.0,1,1,0.8166,0.7773
20,16,金栗斋,12,石听琴室,7,面壁亭,1293.84,15.12,25.5,0.8433,1,40.33,1.769,0.560004,0.610004,0.0,5,20.613,29.805,1.769,26,6.22,10.525,0.0,1,2,0.8166,0.8568
1,17,小沧浪馆,18,螺髻亭,21,碧梧台,775.76,9.68,13.5,0.9594,1,28.54,0.0,-0.027747,0.012253,0.2,4,13.327,17.047,0.0,13,5.478,11.493,0.0,1,1,0.9449,0.9846
2,17,小沧浪馆,16,金栗斋,15,锄月轩,804.35,11.21,21.0,0.5381,1,22.07,0.0,0.056551,0.106551,0.0,8,4.994,12.285,0.0,21,3.831,9.785,0.0,1,1,0.5902,0.4746
3,17,小沧浪馆,16,金栗斋,12,石听琴室,875.24,11.18,20.0,0.7023,1,25.784,0.0,0.068928,0.118928,0.0,8,4.994,12.285,0.0,20,4.307,13.499,0.0,1,1,0.5902,0.8166
4,17,小沧浪馆,13,坡仙琴馆,9,湛露堂,841.91,10.36,22.5,0.5423,1,26.184,0.0,0.070659,0.120659,0.0,8,6.152,12.767,0.0,22,3.797,13.417,0.0,1,1,0.6204,0.432
5,17,小沧浪馆,13,坡仙琴馆,18,螺髻亭,955.86,12.89,21.5,0.7457,1,19.971,0.0,0.08939,0.134845,0.0909,8,6.152,12.767,0.0,21,3.484,7.204,0.0,1,1,0.6204,0.879
6,17,小沧浪馆,16,金栗斋,11,碧梧栖凤,970.24,11.69,22.0,0.8638,1,27.041,0.0,0.086328,0.136328,0.0,8,4.994,12.285,0.0,22,6.831,14.756,0.0,1,1,0.5902,1.0924
7,17,小沧浪馆,18,螺髻亭,13,坡仙琴馆,955.0,12.1,15.5,0.9129,1,28.25,0.0,0.092095,0.13755,0.0909,4,13.327,17.047,0.0,15,4.588,11.203,0.0,1,1,0.9449,0.879
8,17,小沧浪馆,18,螺髻亭,20,藕香深处,988.52,12.27,15.5,1.0074,1,30.923,0.0,0.105875,0.151329,0.0909,4,13.327,17.047,0.0,15,6.084,13.876,0.0,1,1,0.9449,1.0692
9,17,小沧浪馆,13,坡仙琴馆,12,石听琴室,935.66,11.12,20.5,0.6075,1,26.266,0.0,0.104574,0.154574,0.0,8,6.152,12.767,0.0,20,4.307,13.499,0.0,1,1,0.6204,0.5932
10,17,小沧浪馆,16,金栗斋,19,岁寒草庐,1051.06,12.38,22.0,0.7083,1,23.295,0.0,0.130606,0.180606,0.0,8,4.994,12.285,0.0,22,5.058,11.01,0.0,1,2,0.5902,0.794
11,17,小沧浪馆,13,坡仙琴馆,14,拜石轩,937.11,12.78,20.5,0.6162,1,27.788,0.0,0.158,0.203455,0.0909,8,6.152,12.767,0.0,20,3.666,15.021,0.0,1,1,0.6204,0.6114
12,17,小沧浪馆,13,坡仙琴馆,8,锁绿轩,1151.64,14.29,21.5,0.9537,1,23.224,0.0,0.1624,0.2124,0.0,8,6.152,12.767,0.0,21,4.449,10.458,0.0,1,1,0.6204,1.2029
13,17,小沧浪馆,18,螺髻亭,14,拜石轩,1053.07,13.03,16.5,0.8666,1,31.699,0.0,0.175184,0.215184,0.2,4,13.327,17.047,0.0,16,3.297,14.652,0.0,1,1,0.9449,0.7979
14,17,小沧浪馆,20,藕香深处,21,碧梧台,956.64,10.69,18.0,0.922,1,38.642,1.016,0.193172,0.238627,0.0909,5,20.356,28.148,1.016,18,4.479,10.494,0.0,1,1,0.8057,1.044
15,17,小沧浪馆,20,藕香深处,19,岁寒草庐,914.19,10.78,18.0,0.7353,1,38.649,1.016,0.21919,0.26919,0.0,5,20.356,28.148,1.016,18,4.549,10.501,0.0,1,1,0.8057,0.6541
16,17,小沧浪馆,20,藕香深处,18,螺髻亭,986.37,12.42,19.0,0.9384,1,35.563,1.016,0.223832,0.269287,0.0909,5,20.356,28.148,1.016,19,3.694,7.415,0.0,1,1,0.8057,1.0692
17,17,小沧浪馆,20,藕香深处,22,园门茶寮,1340.98,15.59,25.0,0.9984,1,35.045,1.016,0.38949,0.434945,0.0909,5,20.356,28.148,1.016,25,2.783,6.898,0.0,1,1,0.8057,1.1093
18,17,小沧浪馆,12,石听琴室,8,锁绿轩,895.34,10.89,14.5,0.6885,1,43.676,3.921,0.461192,0.511192,0.0,4,24.164,33.356,3.921,15,4.312,10.32,0.0,1,1,0.4199,0.9688
19,17,小沧浪馆,12,石听琴室,16,金栗斋,890.69,11.61,16.5,0.6129,1,44.4,3.921,0.49823,0.54823,0.0,4,24.164,33.356,3.921,17,3.754,11.044,0.0,1,1,0.4199,0.8166
20,17,小沧浪馆,12,石听琴室,13,坡仙琴馆,900.17,10.78,15.5,0.5052,1,44.674,3.921,0.500584,0.550584,0.0,4,24.164,33.356,3.921,16,4.704,11.319,0.0,1,1,0.4199,0.5932
21,17,小沧浪馆,12,石听琴室,11,碧梧栖凤,923.36,12.27,15.5,0.6003,1,47.683,3.921,0.549044,0.599044,0.0,4,24.164,33.356,3.921,16,6.402,14.327,0.0,1,1,0.4199,0.7773
22,17,小沧浪馆,12,石听琴室,7,面壁亭,1317.59,15.89,24.5,0.7052,1,43.788,3.921,0.706407,0.756407,0.0,4,24.164,33.356,3.921,25,6.127,10.433,0.0,1,2,0.4199,0.8568
1,18,螺髻亭,21,碧梧台,22,园门茶寮,677.61,9.58,17.0,0.9124,1,27.575,0.0,-0.016978,0.016355,0.3333,3,14.966,20.98,0.0,17,2.48,6.595,0.0,1,1,0.9846,0.8603
2,18,螺髻亭,21,碧梧台,20,藕香深处,750.85,8.74,14.0,1.0215,1,35.026,0.0,0.035634,0.075634,0.2,3,14.966,20.98,0.0,14,6.254,14.045,0.0,1,1,0.9846,1.044
3,18,螺髻亭,13,坡仙琴馆,9,湛露堂,812.35,10.19,19.5,0.6868,1,30.762,0.0,0.104379,0.149833,0.0909,5,10.224,16.839,0.0,19,4.302,13.923,0.0,1,1,0.879,0.432
4,18,螺髻亭,13,坡仙琴馆,12,石听琴室,906.1,10.95,17.5,0.7392,1,30.973,0.0,0.131988,0.177443,0.0909,5,10.224,16.839,0.0,17,4.942,14.134,0.0,1,1,0.879,0.5932
5,18,螺髻亭,13,坡仙琴馆,17,小沧浪馆,955.86,12.89,21.5,0.7457,1,26.266,0.0,0.13428,0.179735,0.0909,5,10.224,16.839,0.0,21,3.943,9.427,0.0,1,1,0.879,0.6204
6,18,螺髻亭,13,坡仙琴馆,8,锁绿轩,1122.08,14.12,18.5,1.0692,1,26.82,0.0,0.13505,0.180504,0.0909,5,10.224,16.839,0.0,18,3.972,9.981,0.0,1,1,0.879,1.2029
7,18,螺髻亭,13,坡仙琴馆,14,拜石轩,907.55,12.61,17.5,0.748,1,31.592,0.0,0.17389,0.21389,0.2,5,10.224,16.839,0.0,17,3.398,14.753,0.0,1,1,0.879,0.6114
8,18,螺髻亭,21,碧梧台,14,拜石轩,1139.74,12.57,17.0,1.1292,1,35.733,0.0,0.186002,0.219336,0.3333,3,14.966,20.98,0.0,17,3.398,14.753,0.0,1,1,0.9846,1.1772
9,18,螺髻亭,20,藕香深处,21,碧梧台,963.61,11.33,18.0,1.057,1,38.642,1.016,0.250434,0.290434,0.2,5,20.356,28.148,1.016,18,4.479,10.494,0.0,1,1,1.0692,1.044
10,18,螺髻亭,20,藕香深处,19,岁寒草庐,921.16,11.42,18.0,0.8779,1,38.649,1.016,0.280647,0.326101,0.0909,5,20.356,28.148,1.016,18,4.549,10.501,0.0,1,1,1.0692,0.6541
11,18,螺髻亭,20,藕香深处,17,小沧浪馆,986.37,12.42,19.0,0.9384,1,37.403,1.016,0.290664,0.336118,0.0909,5,20.356,28.148,1.016,19,3.772,9.255,0.0,1,1,1.0692,0.8057
12,18,螺髻亭,14,拜石轩,9,湛露堂,962.06,11.87,20.5,0.6722,1,42.581,0.367,0.330115,0.370115,0.2,6,17.376,28.73,0.367,21,4.23,13.851,0.0,1,1,0.7979,0.4961
13,18,螺髻亭,14,拜石轩,13,坡仙琴馆,1005.62,13.54,19.5,0.7155,1,40.041,0.367,0.340424,0.380424,0.2,6,17.376,28.73,0.367,20,4.696,11.311,0.0,1,1,0.7979,0.6114
14,18,螺髻亭,14,拜石轩,5,金粟亭,1259.95,14.43,22.5,0.7076,1,37.177,0.367,0.383899,0.417233,0.3333,6,17.376,28.73,0.367,23,2.128,8.446,0.0,1,1,0.7979,0.6351
15,18,螺髻亭,20,藕香深处,22,园门茶寮,1347.95,16.23,25.0,1.0945,1,35.045,1.016,0.392644,0.432644,0.2,5,20.356,28.148,1.016,25,2.783,6.898,0.0,1,1,1.0692,1.1093
16,18,螺髻亭,14,拜石轩,21,碧梧台,1417.05,15.92,22.5,1.027,1,39.168,0.367,0.404589,0.437922,0.3333,6,17.376,28.73,0.367,23,4.423,10.438,0.0,1,1,0.7979,1.1772
17,18,螺髻亭,17,小沧浪馆,16,金栗斋,933.62,11.5,20.0,0.7771,1,41.817,3.347,0.52881,0.574264,0.0909,4,24.222,29.705,3.347,20,4.822,12.112,0.0,1,1,0.9449,0.5902
18,18,螺髻亭,17,小沧浪馆,20,藕香深处,981.55,11.63,17.0,0.8755,1,43.838,3.347,0.542639,0.588094,0.0909,4,24.222,29.705,3.347,17,6.341,14.133,0.0,1,1,0.9449,0.8057
19,18,螺髻亭,17,小沧浪馆,13,坡仙琴馆,984.56,12.27,20.0,0.7825,1,41.016,3.347,0.546808,0.592262,0.0909,4,24.222,29.705,3.347,20,4.696,11.311,0.0,1,1,0.9449,0.6204
20,18,螺髻亭,17,小沧浪馆,12,石听琴室,949.07,11.93,16.0,0.692,1,43.567,3.347,0.577536,0.622991,0.0909,4,24.222,29.705,3.347,16,4.67,13.862,0.0,1,1,0.9449,0.4199
1,19,岁寒草庐,15,锄月轩,10,南雪亭,1158.57,14.54,26.0,1.2965,1,20.199,0.0,0.035154,0.085154,0.0,12,4.11,10.064,0.0,26,3.352,10.135,0.0,1,1,0.5805,2.1346
2,19,岁寒草庐,16,金栗斋,15,锄月轩,971.87,12.07,20.0,0.6748,1,23.877,0.0,0.077054,0.127054,0.0,7,6.363,13.654,0.0,20,4.269,10.223,0.0,2,1,0.794,0.4746
3,19,岁寒草庐,16,金栗斋,17,小沧浪馆,1051.06,12.38,22.0,0.7083,1,23.05,0.0,0.081399,0.131399,0.0,7,6.363,13.654,0.0,22,3.912,9.396,0.0,2,1,0.794,0.5902
4,19,岁寒草庐,15,锄月轩,16,金栗斋,987.35,12.76,24.0,0.5416,1,21.76,0.0,0.087199,0.137199,0.0,12,4.11,10.064,0.0,24,4.405,11.695,0.0,1,1,0.5805,0.4746
5,19,岁寒草庐,16,金栗斋,12,石听琴室,1042.76,12.04,19.0,0.8034,1,27.511,0.0,0.099354,0.149354,0.0,7,6.363,13.654,0.0,19,4.665,13.857,0.0,2,1,0.794,0.8166
6,19,岁寒草庐,22,园门茶寮,21,碧梧台,1590.01,18.07,27.5,1.3645,1,17.419,0.0,0.109883,0.149883,0.2,17,2.48,6.595,0.0,28,4.81,10.825,0.0,1,1,1.5305,0.8603
7,19,岁寒草庐,16,金栗斋,11,碧梧栖凤,1137.76,12.55,21.0,0.9326,1,28.404,0.0,0.110794,0.160794,0.0,7,6.363,13.654,0.0,21,6.825,14.75,0.0,2,1,0.794,1.0924
8,19,岁寒草庐,15,锄月轩,11,碧梧栖凤,1119.94,12.55,24.0,0.5785,1,24.867,0.0,0.121614,0.171614,0.0,12,4.11,10.064,0.0,24,6.877,14.802,0.0,1,1,0.5805,0.5761
9,19,岁寒草庐,22,园门茶寮,20,藕香深处,2047.59,22.13,31.5,1.3553,1,19.685,0.0,0.242939,0.288393,0.0909,17,2.48,6.595,0.0,32,5.299,13.091,0.0,1,1,1.5305,1.1093
10,19,岁寒草庐,20,藕香深处,18,螺髻亭,921.16,11.42,18.0,0.8779,1,37.814,2.048,0.418347,0.463801,0.0909,4,22.559,30.351,2.048,18,3.743,7.464,0.0,1,1,0.6541,1.0692
11,19,岁寒草庐,20,藕香深处,21,碧梧台,891.43,9.69,17.0,0.8583,1,41.441,2.048,0.421558,0.467012,0.0909,4,22.559,30.351,2.048,17,5.076,11.091,0.0,1,1,0.6541,1.044
12,19,岁寒草庐,20,藕香深处,17,小沧浪馆,914.19,10.78,18.0,0.7353,1,39.594,2.048,0.438924,0.488924,0.0,4,22.559,30.351,2.048,18,3.76,9.243,0.0,1,1,0.6541,0.8057
13,19,岁寒草庐,20,藕香深处,22,园门茶寮,1275.77,14.59,24.0,0.9578,1,37.388,2.048,0.49497,0.540425,0.0909,4,22.559,30.351,2.048,24,2.923,7.037,0.0,1,1,0.6541,1.1093
1,20,藕香深处,21,碧梧台,18,螺髻亭,750.85,8.74,14.0,1.0215,1,26.493,0.0,0.024884,0.064884,0.2,4,13.138,19.152,0.0,14,3.62,7.34,0.0,1,1,1.044,0.9846
2,20,藕香深处,18,螺髻亭,21,碧梧台,780.58,10.47,14.5,1.0384,1,25.026,0.0,0.035331,0.075331,0.2,5,9.845,13.565,0.0,14,5.445,11.46,0.0,1,1,1.0692,0.9846
3,20,藕香深处,21,碧梧台,22,园门茶寮,860.64,10.44,18.0,0.96,1,25.796,0.0,0.06077,0.10077,0.2,4,13.138,19.152,0.0,18,2.529,6.643,0.0,1,1,1.044,0.8603
4,20,藕香深处,18,螺髻亭,17,小沧浪馆,988.52,12.27,15.5,1.0074,1,22.746,0.0,0.066747,0.112202,0.0909,5,9.845,13.565,0.0,15,3.697,9.18,0.0,1,1,1.0692,0.9449
5,20,藕香深处,22,园门茶寮,21,碧梧台,1244.98,15.34,21.5,1.0305,1,17.901,0.0,0.09111,0.13111,0.2,11,2.654,6.768,0.0,22,5.119,11.134,0.0,1,1,1.1093,0.8603
6,20,藕香深处,18,螺髻亭,13,坡仙琴馆,959.82,12.89,16.5,0.9774,1,24.884,0.0,0.092937,0.138392,0.0909,5,9.845,13.565,0.0,16,4.704,11.319,0.0,1,1,1.0692,0.879
7,20,藕香深处,18,螺髻亭,14,拜石轩,1057.89,13.82,17.5,0.9253,1,28.318,0.0,0.1516,0.1916,0.2,5,9.845,13.565,0.0,17,3.398,14.753,0.0,1,1,1.0692,0.7979
8,20,藕香深处,21,碧梧台,14,拜石轩,1322.77,13.43,18.0,1.1302,1,34.092,0.0,0.200748,0.240748,0.2,4,13.138,19.152,0.0,18,3.585,14.939,0.0,1,1,1.044,1.1772
9,20,藕香深处,19,岁寒草庐,16,金栗斋,1033.78,11.51,19.0,0.7365,1,35.688,0.0,0.206199,0.256199,0.0,4,18.097,24.049,0.0,19,4.349,11.64,0.0,1,2,0.6541,0.794
10,20,藕香深处,19,岁寒草庐,15,锄月轩,1049.26,12.2,24.0,0.6103,1,33.94,0.0,0.217757,0.267757,0.0,4,18.097,24.049,0.0,24,3.937,9.891,0.0,1,1,0.6541,0.5805
11,20,藕香深处,22,园门茶寮,19,岁寒草庐,2047.59,22.13,31.5,1.3553,1,17.402,0.0,0.224386,0.269841,0.0909,11,2.654,6.768,0.0,32,4.683,10.635,0.0,1,1,1.1093,1.5305
12,20,藕香深处,19,岁寒草庐,22,园门茶寮,1620.8,17.32,29.0,1.3009,1,30.968,0.0,0.236072,0.281526,0.0909,4,18.097,24.049,0.0,29,2.805,6.919,0.0,1,1,0.6541,1.5305
13,20,藕香深处,17,小沧浪馆,18,螺髻亭,981.55,11.63,17.0,0.8755,1,32.652,0.805,0.430589,0.476044,0.0909,5,19.739,25.223,0.805,17,3.709,7.429,0.0,1,1,0.8057,0.9449
14,20,藕香深处,17,小沧浪馆,16,金栗斋,931.47,11.65,21.0,0.7035,1,37.514,0.805,0.487771,0.537771,0.0,5,19.739,25.223,0.805,21,5.001,12.292,0.0,1,1,0.8057,0.5902
15,20,藕香深处,17,小沧浪馆,13,坡仙琴馆,982.41,12.42,21.0,0.7128,1,36.556,0.805,0.494042,0.544042,0.0,5,19.739,25.223,0.805,21,4.719,11.334,0.0,1,1,0.8057,0.6204
16,20,藕香深处,17,小沧浪馆,12,石听琴室,946.92,12.08,17.0,0.6194,1,39.357,0.805,0.521114,0.571114,0.0,5,19.739,25.223,0.805,17,4.942,14.134,0.0,1,1,0.8057,0.4199
1,21,碧梧台,18,螺髻亭,17,小沧浪馆,775.76,9.68,13.5,0.9594,1,29.907,0.0,0.08623,0.12623,0.2,3,17.063,20.783,0.0,13,3.64,9.123,0.0,1,1,0.9846,0.9449
2,21,碧梧台,18,螺髻亭,13,坡仙琴馆,747.06,10.3,14.5,0.9191,1,32.028,0.0,0.117566,0.157566,0.2,3,17.063,20.783,0.0,14,4.63,11.245,0.0,1,1,0.9846,0.879
3,21,碧梧台,18,螺髻亭,20,藕香深处,780.58,10.47,14.5,1.0384,1,34.829,0.0,0.126888,0.166888,0.2,3,17.063,20.783,0.0,14,6.254,14.045,0.0,1,1,0.9846,1.0692
4,21,碧梧台,18,螺髻亭,14,拜石轩,845.13,11.23,15.5,0.8606,1,35.565,0.0,0.192466,0.2258,0.3333,3,17.063,20.783,0.0,15,3.427,14.782,0.0,1,1,0.9846,0.7979
5,21,碧梧台,22,园门茶寮,20,藕香深处,1244.98,15.34,21.5,1.0305,1,20.162,0.0,0.193075,0.233075,0.2,7,2.356,6.47,0.0,22,5.9,13.692,0.0,1,1,0.8603,1.1093
6,21,碧梧台,22,园门茶寮,19,岁寒草庐,1590.01,18.07,27.5,1.3645,1,17.245,0.0,0.224386,0.264386,0.2,7,2.356,6.47,0.0,28,4.824,10.776,0.0,1,1,0.8603,1.5305
7,21,碧梧台,14,拜石轩,9,湛露堂,1256.67,13.21,21.5,0.96,1,38.514,0.0,0.310783,0.350783,0.2,7,13.742,25.096,0.0,22,3.797,13.417,0.0,1,1,1.1772,0.4961
8,21,碧梧台,14,拜石轩,18,螺髻亭,1417.05,15.92,22.5,1.027,1,32.298,0.0,0.331991,0.365325,0.3333,7,13.742,25.096,0.0,23,3.482,7.202,0.0,1,1,1.1772,0.7979
9,21,碧梧台,14,拜石轩,13,坡仙琴馆,1300.23,14.88,20.5,0.9838,1,36.43,0.0,0.330886,0.370886,0.2,7,13.742,25.096,0.0,21,4.719,11.334,0.0,1,1,1.1772,0.6114
10,21,碧梧台,14,拜石轩,5,金粟亭,1554.56,15.77,23.5,0.9335,1,33.38,0.0,0.379733,0.413066,0.3333,7,13.742,25.096,0.0,24,1.965,8.284,0.0,1,1,1.1772,0.6351
11,21,碧梧台,20,藕香深处,18,螺髻亭,963.61,11.33,18.0,1.057,1,37.814,2.048,0.469297,0.509297,0.2,4,22.559,30.351,2.048,18,3.743,7.464,0.0,1,1,1.044,1.0692
12,21,碧梧台,20,藕香深处,19,岁寒草庐,891.43,9.69,17.0,0.8583,1,40.774,2.048,0.484028,0.529483,0.0909,4,22.559,30.351,2.048,17,4.472,10.424,0.0,1,1,1.044,0.6541
13,21,碧梧台,20,藕香深处,17,小沧浪馆,956.64,10.69,18.0,0.922,1,39.594,2.048,0.494474,0.539929,0.0909,4,22.559,30.351,2.048,18,3.76,9.243,0.0,1,1,1.044,0.8057
14,21,碧梧台,20,藕香深处,22,园门茶寮,1318.22,14.5,24.0,1.0861,1,37.388,2.048,0.58737,0.62737,0.2,4,22.559,30.351,2.048,24,2.923,7.037,0.0,1,1,1.044,1.1093
1,22,园门茶寮,21,碧梧台,18,螺髻亭,677.61,9.58,17.0,0.9124,1,20.372,0.0,0.017279,0.050613,0.3333,7,6.928,12.943,0.0,17,3.709,7.429,0.0,1,1,0.8603,0.9846
2,22,园门茶寮,21,碧梧台,20,藕香深处,860.64,10.44,18.0,0.96,1,27.098,0.0,0.196793,0.236793,0.2,7,6.928,12.943,0.0,18,6.363,14.155,0.0,1,1,0.8603,1.044
3,22,园门茶寮,20,藕香深处,18,螺髻亭,1347.95,16.23,25.0,1.0945,1,21.922,0.0,0.206412,0.246412,0.2,11,6.926,14.718,0.0,25,3.484,7.204,0.0,1,1,1.1093,1.0692
4,22,园门茶寮,19,岁寒草庐,15,锄月轩,1821.08,19.74,37.0,1.2046,1,19.611,0.0,0.247729,0.293183,0.0909,17,4.472,10.424,0.0,37,3.233,9.187,0.0,1,1,1.5305,0.5805
5,22,园门茶寮,20,藕香深处,21,碧梧台,1318.22,14.5,24.0,1.0861,1,25.508,0.0,0.257522,0.297522,0.2,11,6.926,14.718,0.0,24,4.775,10.79,0.0,1,1,1.1093,1.044
6,22,园门茶寮,19,岁寒草庐,16,金栗斋,1805.6,19.05,32.0,1.2819,1,21.357,0.0,0.255251,0.300705,0.0909,17,4.472,10.424,0.0,32,3.643,10.933,0.0,1,2,1.5305,0.794
7,22,园门茶寮,20,藕香深处,17,小沧浪馆,1340.98,15.59,25.0,0.9984,1,23.717,0.0,0.25899,0.304445,0.0909,11,6.926,14.718,0.0,25,3.515,8.998,0.0,1,1,1.1093,0.8057
8,22,园门茶寮,19,岁寒草庐,20,藕香深处,1620.8,17.32,29.0,1.3009,1,24.089,0.0,0.259742,0.305196,0.0909,17,4.472,10.424,0.0,29,5.874,13.666,0.0,1,1,1.5305,0.6541
9,22,园门茶寮,20,藕香深处,19,岁寒草庐,1275.77,14.59,24.0,0.9578,1,25.197,0.0,0.277368,0.322823,0.0909,11,6.926,14.718,0.0,24,4.527,10.479,0.0,1,1,1.1093,0.6541
10,22,园门茶寮,21,碧梧台,14,拜石轩,1249.53,14.27,21.0,1.0774,1,27.788,0.0,0.298467,0.331801,0.3333,7,6.928,12.943,0.0,21,3.49,14.845,0.0,1,1,0.8603,1.1772
